LST,NDVI,Precipitation,Temperature,year,admin_1,product,indicator,value,year_sin,year_cos,state_encoded,temp_x_precip,lst_x_ndvi,yield_lag1,yield_lag2,yield_lag3,yield_roll3,yield_roll5,yield_std3,yield_diff1,yield_pct,state_te
305.99786,0.43620792,1229.9347,27.047836,2003,Abia,Maize,yield,1.5890410958904109,0.258819045102566,-0.9659258262890562,0,33267.0720563092,133.47869003505122,1.6266666666666667,1.6266666666666667,1.6629213483146068,1.6387515605493135,1.6387515605493135,0.020931650208822306,-0.037625570776255834,-0.023130473837862153,1.5788553008427348
305.37308,0.4265949,1194.7395,27.10436,2004,Abia,Maize,yield,1.6022099447513811,-1.8628248921044712e-14,-1.0,0,32382.649514219996,130.270598525292,1.5890410958904109,1.6266666666666667,1.6266666666666667,1.614124809741248,1.6263239443845878,0.021723133416084655,0.01316884886097025,0.008287292817679592,1.529853484999848
305.5993,0.42260066,1155.0626,27.43251,2005,Abia,Maize,yield,1.5130984643179766,-0.25881904510249215,-0.965925826289076,0,31686.266325126,129.146465875538,1.6022099447513811,1.5890410958904109,1.6266666666666667,1.6059725691028195,1.6215011444579464,0.01909290183726119,-0.08911148043340456,-0.05561785502912486,1.560237878361045
305.8544,0.42724425,1304.5823,27.389,2006,Abia,Maize,yield,1.4546899841017489,-0.4999999999999325,-0.8660254037844776,0,35731.2046147,130.6745337372,1.5130984643179766,1.6022099447513811,1.5890410958904109,1.5681165016532563,1.5915365676586206,0.048099822964855675,-0.05840848021622769,-0.03860190304439648,1.564477686787457
305.77606,0.42522404,1255.792,27.021614,2007,Abia,Maize,yield,1.3522747707246898,-0.7071067811865387,-0.7071067811865563,0,33933.526688287995,130.0233315684824,1.4546899841017489,1.5130984643179766,1.6022099447513811,1.5233327977237021,1.557141231145637,0.07429058407841445,-0.10241521337705906,-0.07040346362204386,1.529853484999848
305.84323,0.4233107,1277.7548,26.675346,2008,Abia,Maize,yield,1.3514754098360655,-0.8660254037844651,-0.49999999999995415,0,34084.5513931608,129.466711781561,1.3522747707246898,1.4546899841017489,1.5130984643179766,1.4400210730481386,1.5022628519572414,0.08140913842358842,-0.000799360888624312,-0.0005911231252180293,1.564477686787457
306.06,0.42762327,1271.8428,27.365923,2009,Abia,Maize,yield,1.2097471723220226,-0.9659258262890695,-0.25881904510251624,0,34805.1521329044,130.8783780162,1.3514754098360655,1.3522747707246898,1.4546899841017489,1.3861467215541683,1.4547497147463724,0.059361552160953734,-0.14172823751404295,-0.10486926841771738,1.5836967551992118
306.0535,0.4254658,1287.4465,27.45352,2010,Abia,Maize,yield,1.2937812723373838,-1.0,-4.3605472797921425e-14,0,35344.93823668,130.2152972203,1.2097471723220226,1.3514754098360655,1.3522747707246898,1.3044991176275926,1.3762571602605005,0.08205856505478296,0.08403410001536127,0.06946418387080322,1.560237878361045
306.34503,0.42302173,1220.7533,27.04393,2011,Abia,Maize,yield,1.3064241374332324,-0.9659258262890921,0.25881904510243203,0,33013.966792469,129.5906045675019,1.2937812723373838,1.2097471723220226,1.3514754098360655,1.285001284831824,1.332393721864382,0.07127088790423318,0.012642865095848554,0.009772026668006806,1.564477686787457
305.59457,0.42084876,1304.7032,26.770334,2012,Abia,Maize,yield,1.2450605393505778,-0.8660254037844518,0.4999999999999771,0,34927.3404348688,128.6090958472332,1.3064241374332324,1.2937812723373838,1.2097471723220226,1.2699841940308796,1.3027405525306788,0.05254840242788682,-0.06136359808265457,-0.04697065548958501,1.5788553008427348
306.6914,0.4259423,1048.5135,27.119905,2013,Abia,Maize,yield,1.3687186736923274,-0.7071067811865199,0.707106781186575,0,28435.5865112175,130.63284030622,1.2450605393505778,1.3064241374332324,1.2937812723373838,1.2817553163737314,1.2812977062558564,0.03240124233794697,0.12365813434174955,0.09931897320129468,1.560237878361045
306.36066,0.4242326,1159.8105,27.012936,2014,Abia,Maize,yield,1.1005089058524171,-0.5000000000000081,0.866025403784434,0,31329.886808628,129.968179329516,1.3687186736923274,1.2450605393505778,1.3064241374332324,1.3067344501587126,1.2847463590271089,0.06182965120159916,-0.26820976783991024,-0.195956826625572,1.5836967551992118
306.16895,0.4036002,1114.3763,27.112036,2015,Abia,Maize,yield,1.1650753768844222,-0.25881904510257636,0.9659258262890534,0,30213.010363146797,123.56984945379,1.1005089058524171,1.3687186736923274,1.2450605393505778,1.2380960396317742,1.2628987057331877,0.13424044876055347,0.06456647103200508,0.05866964882214565,1.5788553008427348
306.33463,0.4153306,1207.252,27.302628,2016,Abia,Maize,yield,1.8935983630517392,7.847643204728474e-15,1.0,0,32961.152258256,127.230145678678,1.1650753768844222,1.1005089058524171,1.3687186736923274,1.2114343188097223,1.2371575266425954,0.13998565467043364,0.728522986167317,0.6253011612995303,1.529853484999848
306.3891,0.41154227,1127.9817,27.362865,2017,Abia,Maize,yield,1.859925788497217,0.2588190451024817,0.9659258262890787,0,30864.810979570502,126.09206571725699,1.8935983630517392,1.1650753768844222,1.1005089058524171,1.3863942152628594,1.3545923717662967,0.4404364232736259,-0.03367257455452233,-0.01778232132618418,1.529853484999848
306.11203,0.42416587,1310.2294,27.159376,2018,Abia,Maize,yield,1.5574301525172087,0.5000000000000216,0.8660254037844262,0,35585.0129208544,129.8422755224161,1.859925788497217,1.8935983630517392,1.1650753768844222,1.6395331761444594,1.4775654215956244,0.41123729527888225,-0.30249563598000817,-0.16263855141468775,1.5836967551992118
306.68036,0.43271995,1364.0745,27.172945,2019,Abia,Maize,yield,1.5087719298245614,0.707106781186531,0.707106781186564,0,37065.92136440249,132.706710045182,1.5574301525172087,1.859925788497217,1.8935983630517392,1.7703181013553884,1.5153077173606007,0.18513351841219255,-0.0486582226926473,-0.031242635577591105,1.564477686787457
306.6339,0.42668813,1212.3434,27.295088,2020,Abia,Maize,yield,1.4621275410749095,0.8660254037844028,0.500000000000062,0,33091.0197892192,130.83704538560698,1.5087719298245614,1.5574301525172087,1.859925788497217,1.6420426236129957,1.5969603221550297,0.1902543319188163,-0.04664438874965193,-0.030915466961978555,1.5788553008427348
307.29343,0.41908243,1246.6871,27.533175,2021,Abia,Maize,yield,1.2347603833865817,0.9659258262890668,0.2588190451025267,0,34325.254094542506,128.7812773674349,1.4621275410749095,1.5087719298245614,1.5574301525172087,1.5094432078055597,1.6563707549931272,0.04765485177320506,-0.22736715768832783,-0.155504325923014,1.5836967551992118
306.03842,0.40504837,1209.5397,26.918283,2022,Abia,Maize,yield,1.3507166293455262,1.0,5.438607851423766e-14,0,32558.7319443351,123.96036317837539,1.2347603833865817,1.4621275410749095,1.5087719298245614,1.4018866180953509,1.5246031590600957,0.14660255283045054,0.11595624595894449,0.09390991768047408,1.5788553008427348
306.0498,0.43218267,1280.7062,27.581543,2023,Abia,Maize,yield,1.3780595274358762,0.9659258262890654,-0.2588190451025314,0,35323.8531256666,132.269419716966,1.3507166293455262,1.2347603833865817,1.4621275410749095,1.3492015179356722,1.4227613272297577,0.11369115080231788,0.027342898090350065,0.020243252726960703,1.529853484999848
305.99786,0.43620792,1229.9347,27.047836,2003,Adamawa,Maize,yield,1.0528738655793766,0.258819045102566,-0.9659258262890562,1,33267.0720563092,133.47869003505122,1.0528738655793766,1.0528738655793766,1.017076218242399,1.0409413164670507,1.0409413164670507,0.020667781326359276,0.0,0.0,1.8089610996253933
305.37308,0.4265949,1194.7395,27.10436,2004,Adamawa,Maize,yield,1.0528738655793766,-1.8628248921044712e-14,-1.0,1,32382.649514219996,130.270598525292,1.0528738655793766,1.0528738655793766,1.0528738655793766,1.0528738655793766,1.0439244537451322,0.0,0.0,0.0,1.866798589583868
305.5993,0.42260066,1155.0626,27.43251,2005,Adamawa,Maize,yield,1.1430379746835444,-0.25881904510249215,-0.965925826289076,1,31686.266325126,129.146465875538,1.0528738655793766,1.0528738655793766,1.0528738655793766,1.0528738655793766,1.045714336111981,0.0,0.09016410910416783,0.08563619256951749,1.7903265569486213
305.8544,0.42724425,1304.5823,27.389,2006,Adamawa,Maize,yield,1.071523672578154,-0.4999999999999325,-0.8660254037844776,1,35731.2046147,130.6745337372,1.1430379746835444,1.0528738655793766,1.0528738655793766,1.0829285686140993,1.07090668740021,0.052056272662534056,-0.07151430210539034,-0.06256511479873572,1.846180896353833
305.77606,0.42522404,1255.792,27.021614,2007,Adamawa,Maize,yield,1.0738575982996812,-0.7071067811865387,-0.7071067811865563,1,33933.526688287995,130.0233315684824,1.071523672578154,1.1430379746835444,1.0528738655793766,1.089145170947025,1.0746366487999655,0.047594952948922596,0.0023339257215271303,0.002178137339618136,1.866798589583868
305.84323,0.4233107,1277.7548,26.675346,2008,Adamawa,Maize,yield,1.7544494284474026,-0.8660254037844651,-0.49999999999995415,1,34084.5513931608,129.466711781561,1.0738575982996812,1.071523672578154,1.1430379746835444,1.0961397485204598,1.0788333953440266,0.04063181653890537,0.6805918301477214,0.6337821990786796,1.8021758934137933
306.06,0.42762327,1271.8428,27.365923,2009,Adamawa,Maize,yield,1.2973640856672155,-0.9659258262890695,-0.25881904510251624,1,34805.1521329044,130.8783780162,1.7544494284474026,1.0738575982996812,1.071523672578154,1.299943566441746,1.2191485079176316,0.39361535253397717,-0.4570853427801871,-0.26052922094464936,1.8089610996253933
306.0535,0.4254658,1287.4465,27.45352,2010,Adamawa,Maize,yield,1.030615039158771,-1.0,-4.3605472797921425e-14,1,35344.93823668,130.2152972203,1.2973640856672155,1.7544494284474026,1.0738575982996812,1.3752237041380997,1.2680465519351996,0.3469119484210365,-0.26674904650844455,-0.20560847140396943,1.846180896353833
306.34503,0.42302173,1220.7533,27.04393,2011,Adamawa,Maize,yield,2.3098901098901097,-0.9659258262890921,0.25881904510243203,1,33013.966792469,129.5906045675019,1.030615039158771,1.2973640856672155,1.7544494284474026,1.3608095177577963,1.245561964830245,0.3660642674710029,1.2792750707313387,1.241273435884978,1.846180896353833
305.59457,0.42084876,1304.7032,26.770334,2012,Adamawa,Maize,yield,2.3420987654320986,-0.8660254037844518,0.4999999999999771,1,34927.3404348688,128.6090958472332,2.3098901098901097,1.030615039158771,1.2973640856672155,1.545956411572032,1.4932352522926358,0.6748961290619044,0.03220865554198893,0.013943804254619385,1.7903265569486213
306.6914,0.4259423,1048.5135,27.119905,2013,Adamawa,Maize,yield,2.3724368144969,-0.7071067811865199,0.707106781186575,1,28435.5865112175,130.63284030622,2.3420987654320986,2.3098901098901097,1.030615039158771,1.894201304826993,1.7468834857191198,0.7480610122583881,0.03033804906480153,0.012953360256438451,1.7903265569486213
306.36066,0.4242326,1159.8105,27.012936,2014,Adamawa,Maize,yield,2.693811074918566,-0.5000000000000081,0.866025403784434,1,31329.886808628,129.968179329516,2.3724368144969,2.3420987654320986,2.3098901098901097,2.3414752299397033,1.8704809629290189,0.031278014030219355,0.32137426042166606,0.1354616731867806,1.8089610996253933
306.16895,0.4036002,1114.3763,27.112036,2015,Adamawa,Maize,yield,1.987979539641944,-0.25881904510257636,0.9659258262890534,1,30213.010363146797,123.56984945379,2.693811074918566,2.3724368144969,2.3420987654320986,2.469448884949188,2.1497703607792893,0.19489457027109702,-0.7058315352766222,-0.26201968721877034,1.7903265569486213
306.33463,0.4153306,1207.252,27.302628,2016,Adamawa,Maize,yield,1.86663186217421,7.847643204728474e-15,1.0,1,32961.152258256,127.230145678678,1.987979539641944,2.693811074918566,2.3724368144969,2.351409143019137,2.3412432608759235,0.3533852872907566,-0.121347677467734,-0.06104070743584711,1.8089610996253933
306.3891,0.41154227,1127.9817,27.362865,2017,Adamawa,Maize,yield,2.1700895208004214,0.2588190451024817,0.9659258262890787,1,30864.810979570502,126.09206571725699,1.86663186217421,1.987979539641944,2.693811074918566,2.182807492244907,2.252591611332744,0.44668200191600466,0.30345765862621144,0.16256963398918467,1.8089610996253933
306.11203,0.42416587,1310.2294,27.159376,2018,Adamawa,Maize,yield,2.179295455742193,0.5000000000000216,0.8660254037844262,1,35585.0129208544,129.8422755224161,2.1700895208004214,1.86663186217421,1.987979539641944,2.008233640872192,2.2181897624064084,0.15273935022517598,0.009205934941771687,0.004242191325994682,1.8021758934137933
306.68036,0.43271995,1364.0745,27.172945,2019,Adamawa,Maize,yield,2.176811288963774,0.707106781186531,0.707106781186564,1,37065.92136440249,132.706710045182,2.179295455742193,2.1700895208004214,1.86663186217421,2.0720056129056084,2.179561490655467,0.1779184375680314,-0.002484166778419006,-0.0011398944424325652,1.8021758934137933
306.6339,0.42668813,1212.3434,27.295088,2020,Adamawa,Maize,yield,2.174389216512216,0.8660254037844028,0.500000000000062,1,33091.0197892192,130.83704538560698,2.176811288963774,2.179295455742193,2.1700895208004214,2.1753987551687963,2.076161533464508,0.004762745881230744,-0.0024220724515582326,-0.0011126699240480153,1.866798589583868
307.29343,0.41908243,1246.6871,27.533175,2021,Adamawa,Maize,yield,2.177437613820938,0.9659258262890668,0.2588190451025267,1,34325.254094542506,128.7812773674349,2.174389216512216,2.176811288963774,2.179295455742193,2.1768319870727275,2.113443468838563,0.002453185103882306,0.003048397308722084,0.0014019556782072229,1.7903265569486213
306.03842,0.40504837,1209.5397,26.918283,2022,Adamawa,Maize,yield,2.266683288964958,1.0,5.438607851423766e-14,1,32558.7319443351,123.96036317837539,2.177437613820938,2.174389216512216,2.176811288963774,2.176212706432309,2.1756046191679084,0.001609940161269752,0.08924567514402026,0.04098655896157366,1.8089610996253933
306.0498,0.43218267,1280.7062,27.581543,2023,Adamawa,Maize,yield,2.312568165559053,0.9659258262890654,-0.2588190451025314,1,35323.8531256666,132.269419716966,2.266683288964958,2.177437613820938,2.174389216512216,2.2061700397660373,2.194923372800816,0.05242817160645284,0.04588487659409468,0.020243179458497407,1.846180896353833
305.99786,0.43620792,1229.9347,27.047836,2003,Akwa Ibom,Maize,yield,1.1822162344223643,0.258819045102566,-0.9659258262890562,2,33267.0720563092,133.47869003505122,1.2249443207126949,1.246223564954683,1.2393162393162394,1.2368280416612059,1.2368280416612059,0.010855639297408065,-0.042728086290330536,-0.03488165589883352,1.435550709405198
305.37308,0.4265949,1194.7395,27.10436,2004,Akwa Ibom,Maize,yield,1.2221231043710972,-1.8628248921044712e-14,-1.0,2,32382.649514219996,130.270598525292,1.1822162344223643,1.2249443207126949,1.246223564954683,1.2177947066965806,1.2231750898514955,0.03259712143584042,0.039906869948732826,0.03375598201646368,1.435550709405198
305.5993,0.42260066,1155.0626,27.43251,2005,Akwa Ibom,Maize,yield,1.2880824372759856,-0.25881904510249215,-0.965925826289076,2,31686.266325126,129.146465875538,1.2221231043710972,1.1822162344223643,1.2249443207126949,1.2097612198353855,1.2229646927554156,0.0238963277819873,0.06595933290488842,0.05397110378567871,1.435550709405198
305.8544,0.42724425,1304.5823,27.389,2006,Akwa Ibom,Maize,yield,1.192995959207235,-0.4999999999999325,-0.8660254037844776,2,35731.2046147,130.6745337372,1.2880824372759856,1.2221231043710972,1.1822162344223643,1.2308072586898158,1.2327179323473652,0.05346469983862728,-0.09508647806875059,-0.07382018053893957,1.416492469984245
305.77606,0.42522404,1255.792,27.021614,2007,Akwa Ibom,Maize,yield,1.192995959207235,-0.7071067811865387,-0.7071067811865563,2,33933.526688287995,130.0233315684824,1.192995959207235,1.2880824372759856,1.2221231043710972,1.2344005002847727,1.2220724111978754,0.04871766020341701,0.0,0.0,1.413673280665203
305.84323,0.4233107,1277.7548,26.675346,2008,Akwa Ibom,Maize,yield,1.1924320212968245,-0.8660254037844651,-0.49999999999995415,2,34084.5513931608,129.466711781561,1.192995959207235,1.192995959207235,1.2880824372759856,1.2246914518968184,1.2156827388967835,0.0548982037092866,-0.0005639379104105391,-0.00047270730974247055,1.4112163998355327
306.06,0.42762327,1271.8428,27.365923,2009,Akwa Ibom,Maize,yield,1.3348900564312125,-0.9659258262890695,-0.25881904510251624,2,34805.1521329044,130.8783780162,1.1924320212968245,1.192995959207235,1.192995959207235,1.1928079799037647,1.2177258962716753,0.00032558970438172774,0.14245803513438804,0.11946847500745439,1.416492469984245
306.0535,0.4254658,1287.4465,27.45352,2010,Akwa Ibom,Maize,yield,1.073603211776514,-1.0,-4.3605472797921425e-14,2,35344.93823668,130.2152972203,1.3348900564312125,1.1924320212968245,1.192995959207235,1.240106012311757,1.2402792866836987,0.08208587437081256,-0.26128684465469854,-0.19573660272310434,1.411874323805876
306.34503,0.42302173,1220.7533,27.04393,2011,Akwa Ibom,Maize,yield,1.1086352861496782,-0.9659258262890921,0.25881904510243203,2,33013.966792469,129.5906045675019,1.073603211776514,1.3348900564312125,1.1924320212968245,1.2003084298348503,1.1973834415838043,0.13082137499657906,0.035032074373164246,0.03263037404219005,1.416492469984245
305.59457,0.42084876,1304.7032,26.770334,2012,Akwa Ibom,Maize,yield,1.0849405335904854,-0.8660254037844518,0.4999999999999771,2,34927.3404348688,128.6090958472332,1.1086352861496782,1.073603211776514,1.3348900564312125,1.1723761847858016,1.1805113069722928,0.14182693826141615,-0.023694752559192844,-0.02137290130957803,1.435550709405198
306.6914,0.4259423,1048.5135,27.119905,2013,Akwa Ibom,Maize,yield,1.337955450656439,-0.7071067811865199,0.707106781186575,2,28435.5865112175,130.63284030622,1.0849405335904854,1.1086352861496782,1.073603211776514,1.0890596771722258,1.158900221848943,0.017875599755167147,0.2530149170659537,0.23320625346039026,1.4112163998355327
306.36066,0.4242326,1159.8105,27.012936,2014,Akwa Ibom,Maize,yield,1.0870827285921625,-0.5000000000000081,0.866025403784434,2,31329.886808628,129.968179329516,1.337955450656439,1.0849405335904854,1.1086352861496782,1.177177090132201,1.1880049077208659,0.1397412653240151,-0.2508727220642766,-0.18750454055939703,1.416492469984245
306.16895,0.4036002,1114.3763,27.112036,2015,Akwa Ibom,Maize,yield,1.1115351993214588,-0.25881904510257636,0.9659258262890534,2,30213.010363146797,123.56984945379,1.0870827285921625,1.337955450656439,1.0849405335904854,1.1699929042796955,1.1384434421530556,0.1454637755211794,0.02445247072929635,0.02249366132508035,1.411874323805876
306.33463,0.4153306,1207.252,27.302628,2016,Akwa Ibom,Maize,yield,1.5633825944170772,7.847643204728474e-15,1.0,2,32961.152258256,127.230145678678,1.1115351993214588,1.0870827285921625,1.337955450656439,1.1788577928566868,1.1460298396620447,0.13832400142136245,0.45184739509561833,0.40650750005168557,1.411874323805876
306.3891,0.41154227,1127.9817,27.362865,2017,Akwa Ibom,Maize,yield,1.0883116883116883,0.2588190451024817,0.9659258262890787,2,30864.810979570502,126.09206571725699,1.5633825944170772,1.1115351993214588,1.0870827285921625,1.2540001741102327,1.2369793013155246,0.2682118422579109,-0.4750709061053888,-0.30387373366052073,1.435550709405198
306.11203,0.42416587,1310.2294,27.159376,2018,Akwa Ibom,Maize,yield,1.0941945405613225,0.5000000000000216,0.8660254037844262,2,35585.0129208544,129.8422755224161,1.0883116883116883,1.5633825944170772,1.1115351993214588,1.2544098273500748,1.2376535322597653,0.26783009718417633,0.005882852249634141,0.005405484763983726,1.413673280665203
306.68036,0.43271995,1364.0745,27.172945,2019,Akwa Ibom,Maize,yield,1.096626933806746,0.707106781186531,0.707106781186564,2,37065.92136440249,132.706710045182,1.0941945405613225,1.0883116883116883,1.5633825944170772,1.2486296077633627,1.188901350240742,0.2725999522069342,0.0024323932454235475,0.002222998886629135,1.4112163998355327
306.6339,0.42668813,1212.3434,27.295088,2020,Akwa Ibom,Maize,yield,1.0988583615606573,0.8660254037844028,0.500000000000062,2,33091.0197892192,130.83704538560698,1.096626933806746,1.0941945405613225,1.0883116883116883,1.093044387559919,1.1908101912836586,0.00427527377552644,0.002231427753911275,0.0020348102760574527,1.413673280665203
307.29343,0.41908243,1246.6871,27.533175,2021,Akwa Ibom,Maize,yield,1.0997729716812044,0.9659258262890668,0.2588190451025267,2,34325.254094542506,128.7812773674349,1.0988583615606573,1.096626933806746,1.0941945405613225,1.0965599453095753,1.1882748237314982,0.002332632026806304,0.0009146101205470547,0.0008323275797328389,1.411874323805876
306.03842,0.40504837,1209.5397,26.918283,2022,Akwa Ibom,Maize,yield,1.2144589868533322,1.0,5.438607851423766e-14,2,32558.7319443351,123.96036317837539,1.0997729716812044,1.0988583615606573,1.096626933806746,1.0984194223495358,1.0955528991843237,0.0016182982729198905,0.11468601517212784,0.10428153639456084,1.435550709405198
306.0498,0.43218267,1280.7062,27.581543,2023,Akwa Ibom,Maize,yield,1.23904351863551,0.9659258262890654,-0.2588190451025314,2,35323.8531256666,132.269419716966,1.2144589868533322,1.0997729716812044,1.0988583615606573,1.1376967733650645,1.1207823588926524,0.06647959982304272,0.024584531782177788,0.020243196393050944,1.4112163998355327
305.99786,0.43620792,1229.9347,27.047836,2003,Anambra,Maize,yield,2.029372496662216,0.258819045102566,-0.9659258262890562,3,33267.0720563092,133.47869003505122,2.0707506471095773,1.8728053062817007,2.289002557544757,2.077519503645345,2.077519503645345,0.20818117362968314,-0.04137815044736115,-0.01998219848687144,1.93964129478762
305.37308,0.4265949,1194.7395,27.10436,2004,Anambra,Maize,yield,1.9505398815743644,-1.8628248921044712e-14,-1.0,3,32382.649514219996,130.270598525292,2.029372496662216,2.0707506471095773,1.8728053062817007,1.9909761500178316,2.065482751899563,0.10440928629960516,-0.07883261508785178,-0.0388458083557901,1.9308107391048581
305.5993,0.42260066,1155.0626,27.43251,2005,Anambra,Maize,yield,1.9230769230769231,-0.25881904510249215,-0.965925826289076,3,31686.266325126,129.146465875538,1.9505398815743644,2.029372496662216,2.0707506471095773,2.016887675115386,2.042494177834523,0.061070124565393395,-0.027462958497441292,-0.01407967032967039,1.93964129478762
305.8544,0.42724425,1304.5823,27.389,2006,Anambra,Maize,yield,1.9634464751958225,-0.4999999999999325,-0.8660254037844776,3,35731.2046147,130.6745337372,1.9230769230769231,1.9505398815743644,2.029372496662216,1.9676631004378347,1.9693090509409565,0.05517780993426095,0.040369552118899366,0.020992167101827608,1.93964129478762
305.77606,0.42522404,1255.792,27.021614,2007,Anambra,Maize,yield,2.015523284927391,-0.7071067811865387,-0.7071067811865563,3,33933.526688287995,130.0233315684824,1.9634464751958225,1.9230769230769231,1.9505398815743644,1.9456877599490365,1.987437284723781,0.02061752889583205,0.052076809731568474,0.0265231624031792,1.93964129478762
305.84323,0.4233107,1277.7548,26.675346,2008,Anambra,Maize,yield,2.057121661721068,-0.8660254037844651,-0.49999999999995415,3,34084.5513931608,129.466711781561,2.015523284927391,1.9634464751958225,1.9230769230769231,1.9673488944000457,1.9763918122873434,0.0463465652619599,0.04159837679367717,0.020638995889931344,1.955556064105184
306.06,0.42762327,1271.8428,27.365923,2009,Anambra,Maize,yield,2.0824796427633308,-0.9659258262890695,-0.25881904510251624,3,34805.1521329044,130.8783780162,2.057121661721068,2.015523284927391,1.9634464751958225,2.012030473948094,1.9819416452991139,0.04693516740182941,0.025357981042262612,0.012326923348348284,1.9019508841777637
306.0535,0.4254658,1287.4465,27.45352,2010,Anambra,Maize,yield,2.32612659546757,-1.0,-4.3605472797921425e-14,3,35344.93823668,130.2152972203,2.0824796427633308,2.057121661721068,2.015523284927391,2.0517081964705963,2.0083295975369073,0.03380484681487449,0.24364695270423908,0.11699847993756785,1.9019508841777637
306.34503,0.42302173,1220.7533,27.04393,2011,Anambra,Maize,yield,2.355784800208932,-0.9659258262890921,0.25881904510243203,3,33013.966792469,129.5906045675019,2.32612659546757,2.0824796427633308,2.057121661721068,2.155242633317323,2.0889395320150363,0.14853199382880422,0.02965820474136205,0.012750038969998823,1.9308107391048581
305.59457,0.42084876,1304.7032,26.770334,2012,Anambra,Maize,yield,2.3644116122343184,-0.8660254037844518,0.4999999999999771,3,34927.3404348688,128.6090958472332,2.355784800208932,2.32612659546757,2.0824796427633308,2.2547970128132775,2.167407197017658,0.14996619383320134,0.00862681202538651,0.003661969473876203,1.93964129478762
306.6914,0.4259423,1048.5135,27.119905,2013,Anambra,Maize,yield,2.346964693929388,-0.7071067811865199,0.707106781186575,3,28435.5865112175,130.63284030622,2.3644116122343184,2.355784800208932,2.32612659546757,2.348774335970273,2.237184862479044,0.02008222059031082,-0.017446918304930392,-0.007378968287354737,1.9019508841777637
306.36066,0.4242326,1159.8105,27.012936,2014,Anambra,Maize,yield,1.735,-0.5000000000000081,0.866025403784434,3,31329.886808628,129.968179329516,2.346964693929388,2.3644116122343184,2.355784800208932,2.35572036879088,2.295153468920708,0.008723637609371868,-0.6119646939293879,-0.2607472943722944,1.9019508841777637
306.16895,0.4036002,1114.3763,27.112036,2015,Anambra,Maize,yield,1.561853448275862,-0.25881904510257636,0.9659258262890534,3,30213.010363146797,123.56984945379,1.735,2.346964693929388,2.3644116122343184,2.148792102054569,2.2256575403680414,0.35846063456345995,-0.17314655172413818,-0.09979628341448887,1.955556064105184
306.33463,0.4153306,1207.252,27.302628,2016,Anambra,Maize,yield,1.780649436713055,7.847643204728474e-15,1.0,3,32961.152258256,127.230145678678,1.561853448275862,1.735,2.346964693929388,1.8812727140684167,2.0728029109297,0.4124884206539785,0.21879598843719306,0.14008739979972074,1.93964129478762
306.3891,0.41154227,1127.9817,27.362865,2017,Anambra,Maize,yield,1.7579744816586922,0.2588190451024817,0.9659258262890787,3,30864.810979570502,126.09206571725699,1.780649436713055,1.561853448275862,1.735,1.6925009616629723,1.9577758382305248,0.11542333964034979,-0.02267495505436279,-0.012734092734288605,1.93964129478762
306.11203,0.42416587,1310.2294,27.159376,2018,Anambra,Maize,yield,1.80575158786168,0.5000000000000216,0.8660254037844262,3,35585.0129208544,129.8422755224161,1.7579744816586922,1.780649436713055,1.561853448275862,1.7001591222158696,1.8364884121153995,0.12031160783432115,0.04777710620298792,0.027177360480175494,1.93964129478762
306.68036,0.43271995,1364.0745,27.172945,2019,Anambra,Maize,yield,1.9694100509832484,0.707106781186531,0.707106781186564,3,37065.92136440249,132.706710045182,1.80575158786168,1.7579744816586922,1.780649436713055,1.781458502077809,1.7282457909018578,0.02389882652676641,0.1636584631215683,0.09063177029536384,1.93964129478762
306.6339,0.42668813,1212.3434,27.295088,2020,Anambra,Maize,yield,1.9610755923279428,0.8660254037844028,0.500000000000062,3,33091.0197892192,130.83704538560698,1.9694100509832484,1.80575158786168,1.7579744816586922,1.8443787068345403,1.7751278010985074,0.1108841320208063,-0.008334458655305577,-0.004231957002120756,1.9308107391048581
307.29343,0.41908243,1246.6871,27.533175,2021,Anambra,Maize,yield,1.9880174291939,0.9659258262890668,0.2588190451025267,3,34325.254094542506,128.7812773674349,1.9610755923279428,1.9694100509832484,1.80575158786168,1.9120790770576237,1.8549722299089235,0.09217655352259867,0.02694183686595708,0.0137382959490997,1.93964129478762
306.03842,0.40504837,1209.5397,26.918283,2022,Anambra,Maize,yield,2.123882051735732,1.0,5.438607851423766e-14,3,32558.7319443351,123.96036317837539,1.9880174291939,1.9610755923279428,1.9694100509832484,1.9728343575016971,1.8964458284050927,0.013793478523462523,0.1358646225418323,0.06834176629775457,1.9019508841777637
306.0498,0.43218267,1280.7062,27.581543,2023,Anambra,Maize,yield,2.1668758807071526,0.9659258262890654,-0.2588190451025314,3,35323.8531256666,132.269419716966,2.123882051735732,1.9880174291939,1.9610755923279428,2.0243250244191917,1.9696273424205006,0.08726492370653734,0.042993828971420456,0.020243039831841836,1.9019508841777637
305.99786,0.43620792,1229.9347,27.047836,2003,Bauchi,Maize,yield,1.5236427320490369,0.258819045102566,-0.9659258262890562,4,33267.0720563092,133.47869003505122,1.5993365714962682,1.6085530312234235,1.6286266924564796,1.612172098392057,1.612172098392057,0.014976682938630427,-0.07569383944723129,-0.04732827398326511,2.001827471194578
305.37308,0.4265949,1194.7395,27.10436,2004,Bauchi,Maize,yield,1.4454306056763877,-1.8628248921044712e-14,-1.0,4,32382.649514219996,130.270598525292,1.5236427320490369,1.5993365714962682,1.6085530312234235,1.5771774449229097,1.590039756806302,0.04659087780179242,-0.07821212637264918,-0.051332326619290436,2.012144634572216
305.5993,0.42260066,1155.0626,27.43251,2005,Bauchi,Maize,yield,1.5179042991443965,-0.25881904510249215,-0.965925826289076,4,31686.266325126,129.146465875538,1.4454306056763877,1.5236427320490369,1.5993365714962682,1.5228033030738974,1.561117926580319,0.07695641662324697,0.0724736934680088,0.05013986363883216,2.001827471194578
305.8544,0.42724425,1304.5823,27.389,2006,Bauchi,Maize,yield,1.5353273451245486,-0.4999999999999325,-0.8660254037844776,4,35731.2046147,130.6745337372,1.5179042991443965,1.4454306056763877,1.5236427320490369,1.4956592122899404,1.5389734479179027,0.04359377357839652,0.017423045980152096,0.011478356039951176,2.012144634572216
305.77606,0.42522404,1255.792,27.021614,2007,Bauchi,Maize,yield,2.2391500451037385,-0.7071067811865387,-0.7071067811865563,4,33933.526688287995,130.0233315684824,1.5353273451245486,1.5179042991443965,1.4454306056763877,1.499554083315111,1.5243283106981278,0.047674980404700994,0.7038226999791899,0.45841865724217556,1.8501708412346565
305.84323,0.4233107,1277.7548,26.675346,2008,Bauchi,Maize,yield,1.681570762052877,-0.8660254037844651,-0.49999999999995415,4,34084.5513931608,129.466711781561,2.2391500451037385,1.5353273451245486,1.5179042991443965,1.7641272297908948,1.6522910054196216,0.4114740537793505,-0.5575792830508615,-0.24901380962392328,1.8843598042284786
306.06,0.42762327,1271.8428,27.365923,2009,Bauchi,Maize,yield,2.3490298083535146,-0.9659258262890695,-0.25881904510251624,4,34805.1521329044,130.8783780162,1.681570762052877,2.2391500451037385,1.5353273451245486,1.8186827174270548,1.6838766114203896,0.37140458328000886,0.6674590463006376,0.39692593458618264,1.8843598042284786
306.0535,0.4254658,1287.4465,27.45352,2010,Bauchi,Maize,yield,1.4583723902854708,-1.0,-4.3605472797921425e-14,4,35344.93823668,130.2152972203,2.3490298083535146,1.681570762052877,2.2391500451037385,2.08991687183671,1.8645964519558151,0.35788028672259853,-0.8906574180680438,-0.37915969175900954,2.012144634572216
306.34503,0.42302173,1220.7533,27.04393,2011,Bauchi,Maize,yield,4.125119047619048,-0.9659258262890921,0.25881904510243203,4,33013.966792469,129.5906045675019,1.4583723902854708,2.3490298083535146,1.681570762052877,1.8296576535639542,1.8526900701840296,0.46342739956542145,2.666746657333577,1.8285773065215336,1.8843598042284786
305.59457,0.42084876,1304.7032,26.770334,2012,Bauchi,Maize,yield,4.423076923076923,-0.8660254037844518,0.4999999999999771,4,34927.3404348688,128.6090958472332,4.125119047619048,1.4583723902854708,2.3490298083535146,2.6441737487526775,2.37064841068293,1.3576512412124515,0.29795787545787533,0.07223012766864301,1.8501708412346565
306.6914,0.4259423,1048.5135,27.119905,2013,Bauchi,Maize,yield,2.094377939290295,-0.7071067811865199,0.707106781186575,4,28435.5865112175,130.63284030622,4.423076923076923,4.125119047619048,1.4583723902854708,3.3355227869938138,2.807433786277567,1.6324720312408294,-2.3286989837866283,-0.5264884658995854,1.8501708412346565
306.36066,0.4242326,1159.8105,27.012936,2014,Bauchi,Maize,yield,2.1923491379310347,-0.5000000000000081,0.866025403784434,4,31329.886808628,129.968179329516,2.094377939290295,4.423076923076923,4.125119047619048,3.547524636662089,2.88999522172505,1.2672494691057303,0.09797119864073967,0.04677818496977593,2.012144634572216
306.16895,0.4036002,1114.3763,27.112036,2015,Bauchi,Maize,yield,1.7981007431874485,-0.25881904510257636,0.9659258262890534,4,30213.010363146797,123.56984945379,2.1923491379310347,2.094377939290295,4.423076923076923,2.9032680000994175,2.8586590876405547,1.3171043848960147,-0.3942483947435862,-0.1798292014362487,1.9746996911131383
306.33463,0.4153306,1207.252,27.302628,2016,Bauchi,Maize,yield,1.666678922019192,7.847643204728474e-15,1.0,4,32961.152258256,127.230145678678,1.7981007431874485,2.1923491379310347,2.094377939290295,2.0282759401362593,2.92660475822095,0.20526825109741653,-0.13142182116825651,-0.07308924244994652,2.001827471194578
306.3891,0.41154227,1127.9817,27.362865,2017,Bauchi,Maize,yield,1.848201154991212,0.2588190451024817,0.9659258262890787,4,30864.810979570502,126.09206571725699,1.666678922019192,1.7981007431874485,2.1923491379310347,1.8857096010458918,2.434916733100979,0.27356677056185896,0.18152223297202008,0.10891253892627661,2.012144634572216
306.11203,0.42416587,1310.2294,27.159376,2018,Bauchi,Maize,yield,1.9304059652029824,0.5000000000000216,0.8660254037844262,4,35585.0129208544,129.8422755224161,1.848201154991212,1.666678922019192,1.7981007431874485,1.7709936067326175,1.9199415794838366,0.09374794878220494,0.08220481021177029,0.04447828094348383,2.012144634572216
306.68036,0.43271995,1364.0745,27.172945,2019,Bauchi,Maize,yield,1.882449499179257,0.707106781186531,0.707106781186564,4,37065.92136440249,132.706710045182,1.9304059652029824,1.848201154991212,1.666678922019192,1.8150953474044622,1.8871471846663739,0.13494437446071122,-0.047956466023725275,-0.024842684330745213,1.8501708412346565
306.6339,0.42668813,1212.3434,27.295088,2020,Bauchi,Maize,yield,1.8360994445197127,0.8660254037844028,0.500000000000062,4,33091.0197892192,130.83704538560698,1.882449499179257,1.9304059652029824,1.848201154991212,1.887018873124484,1.8251672569160184,0.04129245801808276,-0.04635005465954434,-0.02462220350652322,2.001827471194578
307.29343,0.41908243,1246.6871,27.533175,2021,Bauchi,Maize,yield,1.8921092910411308,0.9659258262890668,0.2588190451025267,4,34325.254094542506,128.7812773674349,1.8360994445197127,1.882449499179257,1.9304059652029824,1.882984969633984,1.8327669971824712,0.04715554057902686,0.05600984652141805,0.030504800101428753,2.012144634572216
306.03842,0.40504837,1209.5397,26.918283,2022,Bauchi,Maize,yield,1.5292753345174803,1.0,5.438607851423766e-14,4,32558.7319443351,123.96036317837539,1.8921092910411308,1.8360994445197127,1.882449499179257,1.8702194115800337,1.877853070986859,0.02994089191807829,-0.36283395652365047,-0.19176162721763368,1.9746996911131383
306.0498,0.43218267,1280.7062,27.581543,2023,Bauchi,Maize,yield,1.5602327877915814,0.9659258262890654,-0.2588190451025314,4,35323.8531256666,132.269419716966,1.5292753345174803,1.8921092910411308,1.8360994445197127,1.7524946900261078,1.8140679068921126,0.19533160581969775,0.030957453274101043,0.020243217539285485,1.8843598042284786
305.99786,0.43620792,1229.9347,27.047836,2003,Bayelsa,Maize,yield,1.0034364261168385,0.258819045102566,-0.9659258262890562,5,33267.0720563092,133.47869003505122,0.958904109589041,0.958904109589041,0.9583333333333334,0.9587138508371384,0.9587138508371384,0.00032953782487987927,0.04453231652779743,0.046440844378988766,1.497222489265569
305.37308,0.4265949,1194.7395,27.10436,2004,Bayelsa,Maize,yield,1.0909090909090908,-1.8628248921044712e-14,-1.0,5,32382.649514219996,130.270598525292,1.0034364261168385,0.958904109589041,0.958904109589041,0.9737482150983068,0.9698944946570635,0.025710744934961532,0.08747266479225235,0.08717310087173091,1.497222489265569
305.5993,0.42260066,1155.0626,27.43251,2005,Bayelsa,Maize,yield,1.1972477064220184,-0.25881904510249215,-0.965925826289076,5,31686.266325126,129.146465875538,1.0909090909090908,1.0034364261168385,0.958904109589041,1.0177498755383234,0.994097413907469,0.06715642113069113,0.10633861551292756,0.09747706422018365,1.5439855074361588
305.8544,0.42724425,1304.5823,27.389,2006,Bayelsa,Maize,yield,1.28125,-0.4999999999999325,-0.8660254037844776,5,35731.2046147,130.6745337372,1.1972477064220184,1.0909090909090908,1.0034364261168385,1.097197741149316,1.0418802885252059,0.09705855673131647,0.08400229357798161,0.07016283524904221,1.5038019912471299
305.77606,0.42522404,1255.792,27.021614,2007,Bayelsa,Maize,yield,1.3391304347826087,-0.7071067811865387,-0.7071067811865563,5,33933.526688287995,130.0233315684824,1.28125,1.1972477064220184,1.0909090909090908,1.1898022657770364,1.1063494666073976,0.09538863327559997,0.057880434782608736,0.045174973488865344,1.4603830102448276
305.84323,0.4233107,1277.7548,26.675346,2008,Bayelsa,Maize,yield,1.0255172413793103,-0.8660254037844651,-0.49999999999995415,5,34084.5513931608,129.466711781561,1.3391304347826087,1.28125,1.1972477064220184,1.2725427137348757,1.1823947316461112,0.07134101048722519,-0.3136131934032984,-0.23419167039856703,1.5038019912471299
306.06,0.42762327,1271.8428,27.365923,2009,Bayelsa,Maize,yield,1.1191529709228825,-0.9659258262890695,-0.25881904510251624,5,34805.1521329044,130.8783780162,1.0255172413793103,1.3391304347826087,1.28125,1.2152992253873063,1.1868108946986056,0.16688450279509004,0.09363572954357213,0.09130585597725593,1.4907603012507982
306.0535,0.4254658,1287.4465,27.45352,2010,Bayelsa,Maize,yield,0.9364529173887928,-1.0,-4.3605472797921425e-14,5,35344.93823668,130.2152972203,1.1191529709228825,1.0255172413793103,1.3391304347826087,1.1612668823616006,1.1924596707013642,0.16099222006561323,-0.1827000535340897,-0.16324850872122554,1.4907603012507982
306.34503,0.42302173,1220.7533,27.04393,2011,Bayelsa,Maize,yield,1.0299244625217896,-0.9659258262890921,0.25881904510243203,5,33013.966792469,129.5906045675019,0.9364529173887928,1.1191529709228825,1.0255172413793103,1.0270410432303285,1.140300712894719,0.09135955817209702,0.09347154513299682,0.09981446306305819,1.5439855074361588
305.59457,0.42084876,1304.7032,26.770334,2012,Bayelsa,Maize,yield,1.2542937062937063,-0.8660254037844518,0.4999999999999771,5,34927.3404348688,128.6090958472332,1.0299244625217896,0.9364529173887928,1.1191529709228825,1.0285101169444884,1.0900356053990767,0.09135823810909954,0.2243692437719167,0.21785019381183002,1.5038019912471299
306.6914,0.4259423,1048.5135,27.119905,2013,Bayelsa,Maize,yield,1.016679904686259,-0.7071067811865199,0.707106781186575,5,28435.5865112175,130.63284030622,1.2542937062937063,1.0299244625217896,0.9364529173887928,1.0735570287347629,1.0730682597012964,0.16335097917879668,-0.23761380160744738,-0.18944032040913994,1.5439855074361588
306.36066,0.4242326,1159.8105,27.012936,2014,Bayelsa,Maize,yield,1.0405117270788913,-0.5000000000000081,0.866025403784434,5,31329.886808628,129.968179329516,1.016679904686259,1.2542937062937063,1.0299244625217896,1.1002993578339184,1.071300792362686,0.1335273346406298,0.023831822392632374,0.02344083155650334,1.5439855074361588
306.16895,0.4036002,1114.3763,27.112036,2015,Bayelsa,Maize,yield,1.120125786163522,-0.25881904510257636,0.9659258262890534,5,30213.010363146797,123.56984945379,1.0405117270788913,1.016679904686259,1.2542937062937063,1.1038284460196188,1.0555725435938876,0.13085042931396998,0.07961405908463082,0.07651433137436858,1.5439855074361588
306.33463,0.4153306,1207.252,27.302628,2016,Bayelsa,Maize,yield,1.721609966459032,7.847643204728474e-15,1.0,5,32961.152258256,127.230145678678,1.120125786163522,1.0405117270788913,1.016679904686259,1.059105805976224,1.0923071173488335,0.054171647807522635,0.60148418029551,0.5369791390622465,1.4603830102448276
306.3891,0.41154227,1127.9817,27.362865,2017,Bayelsa,Maize,yield,1.7414741474147415,0.2588190451024817,0.9659258262890787,5,30864.810979570502,126.09206571725699,1.721609966459032,1.120125786163522,1.0405117270788913,1.294082493233815,1.2306442181362822,0.3723834111137832,0.01986418095570941,0.01153814240316331,1.4907603012507982
306.11203,0.42416587,1310.2294,27.159376,2018,Bayelsa,Maize,yield,1.716052014495843,0.5000000000000216,0.8660254037844262,5,35585.0129208544,129.8422755224161,1.7414741474147415,1.721609966459032,1.120125786163522,1.5277366333457651,1.3280803063604891,0.3531410461511519,-0.025422132918898388,-0.01459805358387789,1.4603830102448276
306.68036,0.43271995,1364.0745,27.172945,2019,Bayelsa,Maize,yield,1.6509414861307956,0.707106781186531,0.707106781186564,5,37065.92136440249,132.706710045182,1.716052014495843,1.7414741474147415,1.721609966459032,1.726378709456539,1.467954728322406,0.013365137218487722,-0.0651105283650475,-0.037942048268377326,1.497222489265569
306.6339,0.42668813,1212.3434,27.295088,2020,Bayelsa,Maize,yield,1.5865513928914503,0.8660254037844028,0.500000000000062,5,33091.0197892192,130.83704538560698,1.6509414861307956,1.716052014495843,1.7414741474147415,1.702822549347127,1.5900406801327869,0.04669373352902399,-0.0643900932393453,-0.03900204445782762,1.4907603012507982
307.29343,0.41908243,1246.6871,27.533175,2021,Bayelsa,Maize,yield,1.524117441454037,0.9659258262890668,0.2588190451025267,5,34325.254094542506,128.7812773674349,1.5865513928914503,1.6509414861307956,1.716052014495843,1.6511816311726963,1.6833258014783727,0.06475064479379421,-0.06243395143741326,-0.03935198803968709,1.4907603012507982
306.03842,0.40504837,1209.5397,26.918283,2022,Bayelsa,Maize,yield,1.587618097766756,1.0,5.438607851423766e-14,5,32558.7319443351,123.96036317837539,1.524117441454037,1.5865513928914503,1.6509414861307956,1.587203440158761,1.6438272964773735,0.06341453659274336,0.06350065631271895,0.041663886643891423,1.5439855074361588
306.0498,0.43218267,1280.7062,27.581543,2023,Bayelsa,Maize,yield,1.6197568394856152,0.9659258262890654,-0.2588190451025314,5,35323.8531256666,132.269419716966,1.587618097766756,1.524117441454037,1.5865513928914503,1.5660956440374143,1.6130560865477765,0.036358102039589564,0.03213874171885922,0.02024337072251048,1.5439855074361588
305.99786,0.43620792,1229.9347,27.047836,2003,Benue,Maize,yield,1.3360102208432196,0.258819045102566,-0.9659258262890562,6,33267.0720563092,133.47869003505122,1.3545853123858238,1.354956601187757,1.3274095566234472,1.345650490065676,1.345650490065676,0.015798202539418073,-0.018575091542604172,-0.013712751328956885,1.8392702873698126
305.37308,0.4265949,1194.7395,27.10436,2004,Benue,Maize,yield,1.3551273856268833,-1.8628248921044712e-14,-1.0,6,32382.649514219996,130.270598525292,1.3360102208432196,1.3545853123858238,1.354956601187757,1.3485173781389335,1.3432404227600618,0.010833106736223189,0.019117164783663654,0.014309145607881657,1.8835184085773893
305.5993,0.42260066,1155.0626,27.43251,2005,Benue,Maize,yield,1.364673664993154,-0.25881904510249215,-0.965925826289076,6,31686.266325126,129.146465875538,1.3551273856268833,1.3360102208432196,1.3545853123858238,1.348574306285309,1.3456178153334262,0.010884192349308996,0.009546279366270616,0.007044562354449502,1.915516086466357
305.8544,0.42724425,1304.5823,27.389,2006,Benue,Maize,yield,1.3945423017249248,-0.4999999999999325,-0.8660254037844776,6,35731.2046147,130.6745337372,1.364673664993154,1.3551273856268833,1.3360102208432196,1.3519370904877521,1.3530706370073675,0.014595607042537491,0.02986863673177087,0.021887017752277638,1.8835184085773893
305.77606,0.42522404,1255.792,27.021614,2007,Benue,Maize,yield,1.376890832877711,-0.7071067811865387,-0.7071067811865563,6,33933.526688287995,130.0233315684824,1.3945423017249248,1.364673664993154,1.3551273856268833,1.3714477841149872,1.3609877771148011,0.020562111276848403,-0.017651468847213803,-0.01265753561249483,1.915516086466357
305.84323,0.4233107,1277.7548,26.675346,2008,Benue,Maize,yield,1.320026613439787,-0.8660254037844651,-0.49999999999995415,6,34084.5513931608,129.466711781561,1.376890832877711,1.3945423017249248,1.364673664993154,1.3787022665319297,1.3654488812131784,0.015016485406590294,-0.05686421943792386,-0.04129900358118965,1.8919950193664103
306.06,0.42762327,1271.8428,27.365923,2009,Benue,Maize,yield,1.339990258158792,-0.9659258262890695,-0.25881904510251624,6,34805.1521329044,130.8783780162,1.320026613439787,1.376890832877711,1.3945423017249248,1.363819916014141,1.3622521597324921,0.03893948639739237,0.019963644719004803,0.01512366835315726,1.8919950193664103
306.0535,0.4254658,1287.4465,27.45352,2010,Benue,Maize,yield,1.4145118733509234,-1.0,-4.3605472797921425e-14,6,35344.93823668,130.2152972203,1.339990258158792,1.320026613439787,1.376890832877711,1.3456359014920967,1.3592247342388737,0.028849433782246654,0.07452161519213152,0.0556135499779884,1.87482617601363
306.34503,0.42302173,1220.7533,27.04393,2011,Benue,Maize,yield,1.454899034240562,-0.9659258262890921,0.25881904510243203,6,33013.966792469,129.5906045675019,1.4145118733509234,1.339990258158792,1.320026613439787,1.3581762483165007,1.3691923759104276,0.049798732550447006,0.040387160889638674,0.028552012641620994,1.915516086466357
305.59457,0.42084876,1304.7032,26.770334,2012,Benue,Maize,yield,1.4561173425366696,-0.8660254037844518,0.4999999999999771,6,34927.3404348688,128.6090958472332,1.454899034240562,1.4145118733509234,1.339990258158792,1.403133721916759,1.381263722413555,0.0582932539209873,0.0012183082961074732,0.0008373833973596145,1.8919950193664103
306.6914,0.4259423,1048.5135,27.119905,2013,Benue,Maize,yield,1.448943213649096,-0.7071067811865199,0.707106781186575,6,28435.5865112175,130.63284030622,1.4561173425366696,1.454899034240562,1.4145118733509234,1.4418427500427182,1.3971090243453468,0.023677070856267406,-0.0071741288875735165,-0.004926889254045719,1.8919950193664103
306.36066,0.4242326,1159.8105,27.012936,2014,Benue,Maize,yield,2.702355460385439,-0.5000000000000081,0.866025403784434,6,31329.886808628,129.968179329516,1.448943213649096,1.4561173425366696,1.454899034240562,1.4533198634754427,1.4228923443872086,0.0038389277868933606,1.2534122467363429,0.8650527052607413,1.87482617601363
306.16895,0.4036002,1114.3763,27.112036,2015,Benue,Maize,yield,2.571428571428572,-0.25881904510257636,0.9659258262890534,6,30213.010363146797,123.56984945379,2.702355460385439,1.448943213649096,1.4561173425366696,1.8691386721904015,1.695365384832538,0.7215958211692085,-0.13092688895686688,-0.04844917364727164,1.915516086466357
306.33463,0.4153306,1207.252,27.302628,2016,Benue,Maize,yield,2.5323729094220897,7.847643204728474e-15,1.0,6,32961.152258256,127.230145678678,2.571428571428572,2.702355460385439,1.448943213649096,2.240909081821036,1.9267487244480677,0.6889796185846003,-0.03905566200648236,-0.015188313002520881,1.8919950193664103
306.3891,0.41154227,1127.9817,27.362865,2017,Benue,Maize,yield,2.502994011976048,0.2588190451024817,0.9659258262890787,6,30864.810979570502,126.09206571725699,2.5323729094220897,2.571428571428572,2.702355460385439,2.6020523137453666,2.1422434994843735,0.08903301131106144,-0.02937889744604183,-0.011601331437693485,1.8919950193664103
306.11203,0.42416587,1310.2294,27.159376,2018,Benue,Maize,yield,2.637151985394797,0.5000000000000216,0.8660254037844262,6,35585.0129208544,129.8422755224161,2.502994011976048,2.5323729094220897,2.571428571428572,2.535598497608903,2.3516188333722488,0.03433111629743599,0.13415797341874924,0.053598998949595966,1.8392702873698126
306.68036,0.43271995,1364.0745,27.172945,2019,Benue,Maize,yield,2.491791804530415,0.707106781186531,0.707106781186564,6,37065.92136440249,132.706710045182,2.637151985394797,2.502994011976048,2.5323729094220897,2.5575063022643114,2.5892605877213892,0.07052202517495612,-0.1453601808643823,-0.055120137811329406,1.8392702873698126
306.6339,0.42668813,1212.3434,27.295088,2020,Benue,Maize,yield,2.353485196449631,0.8660254037844028,0.500000000000062,6,33091.0197892192,130.83704538560698,2.491791804530415,2.637151985394797,2.502994011976048,2.54397926730042,2.5471478565503842,0.08088410789972325,-0.138306608080784,-0.05550488119806951,1.8835184085773893
307.29343,0.41908243,1246.6871,27.533175,2021,Benue,Maize,yield,2.3615746683782626,0.9659258262890668,0.2588190451025267,6,34325.254094542506,128.7812773674349,2.353485196449631,2.491791804530415,2.637151985394797,2.4941429954582808,2.503559181554596,0.14184800972061432,0.008089471928631742,0.0034372308527095274,1.8392702873698126
306.03842,0.40504837,1209.5397,26.918283,2022,Benue,Maize,yield,2.4785016241553004,1.0,5.438607851423766e-14,6,32558.7319443351,123.96036317837539,2.3615746683782626,2.353485196449631,2.491791804530415,2.4022838897861027,2.4693995333458307,0.07762158198869083,0.11692695577703782,0.04951228404619279,1.8919950193664103
306.0498,0.43218267,1280.7062,27.581543,2023,Benue,Maize,yield,2.5286745227406824,0.9659258262890654,-0.2588190451025314,6,35323.8531256666,132.269419716966,2.4785016241553004,2.3615746683782626,2.353485196449631,2.3978538296610643,2.464501055781681,0.06996005972416788,0.050172898585381986,0.020243238130812857,1.8835184085773893
305.99786,0.43620792,1229.9347,27.047836,2003,Borno,Maize,yield,0.9192660550458716,0.258819045102566,-0.9659258262890562,7,33267.0720563092,133.47869003505122,0.9192660550458716,0.9192660550458716,1.037037037037037,0.9585230490429266,0.9585230490429266,0.06799510815532593,0.0,0.0,1.9157719784824103
305.37308,0.4265949,1194.7395,27.10436,2004,Borno,Maize,yield,0.9192660550458716,-1.8628248921044712e-14,-1.0,7,32382.649514219996,130.270598525292,0.9192660550458716,0.9192660550458716,0.9192660550458716,0.9192660550458716,0.9487088005436629,0.0,0.0,0.0,1.7317529904534763
305.5993,0.42260066,1155.0626,27.43251,2005,Borno,Maize,yield,1.0248070725289022,-0.25881904510249215,-0.965925826289076,7,31686.266325126,129.146465875538,0.9192660550458716,0.9192660550458716,0.9192660550458716,0.9192660550458716,0.9428202514441046,0.0,0.10554101748303069,0.114810088878746,1.9036458906190779
305.8544,0.42724425,1304.5823,27.389,2006,Borno,Maize,yield,1.137033916157573,-0.4999999999999325,-0.8660254037844776,7,35731.2046147,130.6745337372,1.0248070725289022,0.9192660550458716,0.9192660550458716,0.9544463942068818,0.9403742585424777,0.06093413485437475,0.11222684362867086,0.10951021576356834,1.9157719784824103
305.77606,0.42522404,1255.792,27.021614,2007,Borno,Maize,yield,1.1276967930029154,-0.7071067811865387,-0.7071067811865563,7,33933.526688287995,130.0233315684824,1.137033916157573,1.0248070725289022,0.9192660550458716,1.0270356812441157,0.9839278307648179,0.10890103468698296,-0.009337123154657734,-0.008211824662373357,1.9157719784824103
305.84323,0.4233107,1277.7548,26.675346,2008,Borno,Maize,yield,1.1441208259855509,-0.8660254037844651,-0.49999999999995415,7,34084.5513931608,129.466711781561,1.1276967930029154,1.137033916157573,1.0248070725289022,1.0965125938964635,1.0256139783562268,0.06227404606372248,0.016424032982635506,0.01456422780001021,1.9157719784824103
306.06,0.42762327,1271.8428,27.365923,2009,Borno,Maize,yield,1.122977509654946,-0.9659258262890695,-0.25881904510251624,7,34805.1521329044,130.8783780162,1.1441208259855509,1.1276967930029154,1.137033916157573,1.1362838450486799,1.0705849325441625,0.008237667743659709,-0.021143316330604955,-0.018479968068400465,1.9036458906190779
306.0535,0.4254658,1287.4465,27.45352,2010,Borno,Maize,yield,1.0041842703932402,-1.0,-4.3605472797921425e-14,7,35344.93823668,130.2152972203,1.122977509654946,1.1441208259855509,1.1276967930029154,1.1315983762144708,1.1113272234659775,0.011098500801075998,-0.11879323926170571,-0.10578416596981266,1.9036458906190779
306.34503,0.42302173,1220.7533,27.04393,2011,Borno,Maize,yield,5.31395101171459,-0.9659258262890921,0.25881904510243203,7,33013.966792469,129.5906045675019,1.0041842703932402,1.122977509654946,1.1441208259855509,1.090427535344579,1.107202663038845,0.07543331835776614,4.309766741321349,4.291808653439311,1.7317529904534763
305.59457,0.42084876,1304.7032,26.770334,2012,Borno,Maize,yield,6.637446808510639,-0.8660254037844518,0.4999999999999771,7,34927.3404348688,128.6090958472332,5.31395101171459,1.0041842703932402,1.122977509654946,2.480370930587592,1.9425860821502483,2.4546710605584883,1.323495796796049,0.24906059425056926,1.6903253871839323
306.6914,0.4259423,1048.5135,27.119905,2013,Borno,Maize,yield,2.529786192263751,-0.7071067811865199,0.707106781186575,7,28435.5865112175,130.63284030622,6.637446808510639,5.31395101171459,1.0041842703932402,4.31852736353949,3.044536085251793,2.9456005984092424,-4.107660616246887,-0.6188615494409659,1.9157719784824103
306.36066,0.4242326,1159.8105,27.012936,2014,Borno,Maize,yield,1.039544235924933,-0.5000000000000081,0.866025403784434,7,31329.886808628,129.968179329516,2.529786192263751,6.637446808510639,5.31395101171459,4.8270613374963265,3.321669158507433,2.096667618081539,-1.4902419563388178,-0.589078223644383,1.8659729581594713
306.16895,0.4036002,1114.3763,27.112036,2015,Borno,Maize,yield,0.7922982087170933,-0.25881904510257636,0.9659258262890534,7,30213.010363146797,123.56984945379,1.039544235924933,2.529786192263751,6.637446808510639,3.402259078899774,3.3049825037614307,2.899143840252957,-0.2472460272078396,-0.2378407947092822,1.6903253871839323
306.33463,0.4153306,1207.252,27.302628,2016,Borno,Maize,yield,1.5333351914822453,7.847643204728474e-15,1.0,7,32961.152258256,127.230145678678,0.7922982087170933,1.039544235924933,2.529786192263751,1.4538762123019258,3.262605291426201,0.9399305097870854,0.741036982765152,0.9353005908785978,1.6903253871839323
306.3891,0.41154227,1127.9817,27.362865,2017,Borno,Maize,yield,1.668388851121686,0.2588190451024817,0.9659258262890787,7,30864.810979570502,126.09206571725699,1.5333351914822453,0.7922982087170933,1.039544235924933,1.1217258787080906,2.506482127379732,0.3772920874658367,0.13505365963944072,0.08807836694133853,1.6903253871839323
306.11203,0.42416587,1310.2294,27.159376,2018,Borno,Maize,yield,1.701850545395344,0.5000000000000216,0.8660254037844262,7,35585.0129208544,129.8422755224161,1.668388851121686,1.5333351914822453,0.7922982087170933,1.3313407504403416,1.5126705359019417,0.47168317659855186,0.03346169427365808,0.020056292183420643,1.9157719784824103
306.68036,0.43271995,1364.0745,27.172945,2019,Borno,Maize,yield,1.690221522423716,0.707106781186531,0.707106781186564,7,37065.92136440249,132.706710045182,1.701850545395344,1.668388851121686,1.5333351914822453,1.634524862666425,1.3470834065282604,0.08921565676321398,-0.011629022971628045,-0.006833163466141268,1.8659729581594713
306.6339,0.42668813,1212.3434,27.295088,2020,Borno,Maize,yield,1.6786810440828963,0.8660254037844028,0.500000000000062,7,33091.0197892192,130.83704538560698,1.690221522423716,1.701850545395344,1.668388851121686,1.6868203063135823,1.477218863828017,0.016988156144519227,-0.011540478340819726,-0.006827790433215575,1.8659729581594713
307.29343,0.41908243,1246.6871,27.533175,2021,Borno,Maize,yield,1.6182470819130257,0.9659258262890668,0.2588190451025267,7,34325.254094542506,128.7812773674349,1.6786810440828963,1.690221522423716,1.701850545395344,1.690251037300652,1.6544954309011775,0.01158477885488507,-0.060433962169870625,-0.036000860546374414,1.8659729581594713
306.03842,0.40504837,1209.5397,26.918283,2022,Borno,Maize,yield,1.8741246632973647,1.0,5.438607851423766e-14,7,32558.7319443351,123.96036317837539,1.6182470819130257,1.6786810440828963,1.690221522423716,1.6623832161398795,1.671477808987334,0.038656104543211015,0.255877581384339,0.15812021800889076,1.6903253871839323
306.0498,0.43218267,1280.7062,27.581543,2023,Borno,Maize,yield,1.9120629934204387,0.9659258262890654,-0.2588190451025314,7,35323.8531256666,132.269419716966,1.8741246632973647,1.6182470819130257,1.6786810440828963,1.723684263097762,1.7126249714224695,0.13374341649237703,0.037938330123074016,0.020243226539863546,1.8659729581594713
305.99786,0.43620792,1229.9347,27.047836,2003,Cross River,Maize,yield,1.6453702082968669,0.258819045102566,-0.9659258262890562,8,33267.0720563092,133.47869003505122,1.651636606546426,1.7790969598848714,1.6712095400340716,1.7006477021551232,1.7006477021551232,0.06864029035551428,-0.006266398249559213,-0.003794053864343838,1.8728608658146466
305.37308,0.4265949,1194.7395,27.10436,2004,Cross River,Maize,yield,1.7300380228136882,-1.8628248921044712e-14,-1.0,8,32382.649514219996,130.270598525292,1.6453702082968669,1.651636606546426,1.7790969598848714,1.6920345915760546,1.686828328690559,0.07546329517328637,0.08466781451682137,0.05145821535474471,1.9640782719115952
305.5993,0.42260066,1155.0626,27.43251,2005,Cross River,Maize,yield,1.6395821242019732,-0.25881904510249215,-0.965925826289076,8,31686.266325126,129.146465875538,1.7300380228136882,1.6453702082968669,1.651636606546426,1.675681612552327,1.695470267515185,0.04717818817135291,-0.09045589861171499,-0.052285497439299,1.8945298189516229
305.8544,0.42724425,1304.5823,27.389,2006,Cross River,Maize,yield,1.7174937621291932,-0.4999999999999325,-0.8660254037844776,8,35731.2046147,130.6745337372,1.6395821242019732,1.7300380228136882,1.6453702082968669,1.6716634517708426,1.689144784348765,0.05063663088811844,0.07791163792722,0.04751920430038936,1.8384652517124334
305.77606,0.42522404,1255.792,27.021614,2007,Cross River,Maize,yield,1.6173001310615989,-0.7071067811865387,-0.7071067811865563,8,33933.526688287995,130.0233315684824,1.7174937621291932,1.6395821242019732,1.7300380228136882,1.6957046363816184,1.6768241447976293,0.04900654955254401,-0.10019363106759438,-0.058337114973496806,1.9640782719115952
305.84323,0.4233107,1277.7548,26.675346,2008,Cross River,Maize,yield,1.6327894128228189,-0.8660254037844651,-0.49999999999995415,8,34084.5513931608,129.466711781561,1.6173001310615989,1.7174937621291932,1.6395821242019732,1.6581253391309219,1.669956849700664,0.05260778498999161,0.015489281761219997,0.009577246340203294,1.9640782719115952
306.06,0.42762327,1271.8428,27.365923,2009,Cross River,Maize,yield,2.271943099273608,-0.9659258262890695,-0.25881904510251624,8,34805.1521329044,130.8783780162,1.6327894128228189,1.6173001310615989,1.7174937621291932,1.655861102004537,1.6674406906058543,0.05393438659983682,0.639153686450789,0.39144894095424076,1.8728608658146466
306.0535,0.4254658,1287.4465,27.45352,2010,Cross River,Maize,yield,3.176204077612528,-1.0,-4.3605472797921425e-14,8,35344.93823668,130.2152972203,2.271943099273608,1.6327894128228189,1.6173001310615989,1.840677547719342,1.7758217058978385,0.373567211396321,0.9042609783389204,0.3980121591196686,1.8384652517124334
306.34503,0.42302173,1220.7533,27.04393,2011,Cross River,Maize,yield,2.712065288713911,-0.9659258262890921,0.25881904510243203,8,33013.966792469,129.5906045675019,3.176204077612528,2.271943099273608,1.6327894128228189,2.3603121965696516,2.0831460965799495,0.7754927658525712,-0.46413878889861726,-0.14613002740286718,1.8019218744711165
305.59457,0.42084876,1304.7032,26.770334,2012,Cross River,Maize,yield,3.165222760520566,-0.8660254037844518,0.4999999999999771,8,34927.3404348688,128.6090958472332,2.712065288713911,3.176204077612528,2.271943099273608,2.7200708218666825,2.282060401896893,0.45218364151902973,0.4531574718066551,0.1670894405427632,1.8019218744711165
306.6914,0.4259423,1048.5135,27.119905,2013,Cross River,Maize,yield,1.8427828545463725,-0.7071067811865199,0.707106781186575,8,28435.5865112175,130.63284030622,3.165222760520566,2.712065288713911,3.176204077612528,3.0178307089490013,2.5916449277886864,0.2648575399906988,-1.3224399059741936,-0.41780310772082896,1.8019218744711165
306.36066,0.4242326,1159.8105,27.012936,2014,Cross River,Maize,yield,1.408930669800235,-0.5000000000000081,0.866025403784434,8,31329.886808628,129.968179329516,1.8427828545463725,3.165222760520566,2.712065288713911,2.5733569679269497,2.633643616133397,0.6720430231167586,-0.4338521847461374,-0.23543315680182864,1.9640782719115952
306.16895,0.4036002,1114.3763,27.112036,2015,Cross River,Maize,yield,1.4622298065984072,-0.25881904510257636,0.9659258262890534,8,30213.010363146797,123.56984945379,1.408930669800235,1.8427828545463725,3.165222760520566,2.138978761622391,2.4610411302387227,0.9148439694877682,0.05329913679817211,0.03782949575916961,1.9640782719115952
306.33463,0.4153306,1207.252,27.302628,2016,Cross River,Maize,yield,1.837822127494672,7.847643204728474e-15,1.0,8,32961.152258256,127.230145678678,1.4622298065984072,1.408930669800235,1.8427828545463725,1.5713144436483384,2.118246276035898,0.23660414848959266,0.3755923208962648,0.25686271692820095,1.8728608658146466
306.3891,0.41154227,1127.9817,27.362865,2017,Cross River,Maize,yield,1.8232781633742656,0.2588190451024817,0.9659258262890787,8,30864.810979570502,126.09206571725699,1.837822127494672,1.4622298065984072,1.408930669800235,1.5696608679644382,1.9433976437920506,0.23375851926825764,-0.014543964120406372,-0.007913695184545877,1.8019218744711165
306.11203,0.42416587,1310.2294,27.159376,2018,Cross River,Maize,yield,1.806378132118451,0.5000000000000216,0.8660254037844262,8,35585.0129208544,129.8422755224161,1.8232781633742656,1.837822127494672,1.4622298065984072,1.7077766991557815,1.6750087243627907,0.2127741503484875,-0.016900031255814518,-0.009269036176322243,1.8384652517124334
306.68036,0.43271995,1364.0745,27.172945,2019,Cross River,Maize,yield,1.7766323024054982,0.707106781186531,0.707106781186564,8,37065.92136440249,132.706710045182,1.806378132118451,1.8232781633742656,1.837822127494672,1.822492807662463,1.667727779877206,0.015736702291150803,-0.02974582971295292,-0.016467111278671287,1.9640782719115952
306.6339,0.42668813,1212.3434,27.295088,2020,Cross River,Maize,yield,1.746547659144493,0.8660254037844028,0.500000000000062,8,33091.0197892192,130.83704538560698,1.7766323024054982,1.806378132118451,1.8232781633742656,1.802096199299405,1.741268106398259,0.02361589079156914,-0.03008464326100513,-0.016933522609192453,1.9640782719115952
307.29343,0.41908243,1246.6871,27.533175,2021,Cross River,Maize,yield,1.8566019097793875,0.9659258262890668,0.2588190451025267,8,34325.254094542506,128.7812773674349,1.746547659144493,1.7766323024054982,1.806378132118451,1.7765193645561475,1.798131676907476,0.029915396375278826,0.11005425063489449,0.06301245205573269,1.8384652517124334
306.03842,0.40504837,1209.5397,26.918283,2022,Cross River,Maize,yield,1.614292804076219,1.0,5.438607851423766e-14,8,32558.7319443351,123.96036317837539,1.8566019097793875,1.746547659144493,1.7766323024054982,1.7932606237764597,1.8018876333644194,0.05688022788644415,-0.24230910570316855,-0.13051214933413546,1.8945298189516229
306.0498,0.43218267,1280.7062,27.581543,2023,Cross River,Maize,yield,1.6469714192618283,0.9659258262890654,-0.2588190451025314,8,35323.8531256666,132.269419716966,1.614292804076219,1.8566019097793875,1.746547659144493,1.7391474576666999,1.76009056150481,0.12132393792282326,0.03267861518560933,0.02024330103132055,1.9640782719115952
305.99786,0.43620792,1229.9347,27.047836,2003,Delta,Maize,yield,1.8047619047619048,0.258819045102566,-0.9659258262890562,9,33267.0720563092,133.47869003505122,1.8047619047619048,1.805048420384188,1.6177054386661374,1.7425052546040767,1.7425052546040767,0.10807990593263904,0.0,0.0,1.919758989513308
305.37308,0.4265949,1194.7395,27.10436,2004,Delta,Maize,yield,2.0003014772384686,-1.8628248921044712e-14,-1.0,9,32382.649514219996,130.270598525292,1.8047619047619048,1.8047619047619048,1.805048420384188,1.8048574099693326,1.7580694171435338,0.0001654198716492884,0.19553957247656384,0.10834646496062894,1.9307470424286286
305.5993,0.42260066,1155.0626,27.43251,2005,Delta,Maize,yield,2.532954251744637,-0.25881904510249215,-0.965925826289076,9,31686.266325126,129.146465875538,2.0003014772384686,1.8047619047619048,1.8047619047619048,1.8699417622540928,1.8065158291625205,0.11289482480656844,0.5326527745061682,0.2662862476317951,1.919758989513308
305.8544,0.42724425,1304.5823,27.389,2006,Delta,Maize,yield,2.486765655261459,-0.4999999999999325,-0.8660254037844776,9,35731.2046147,130.6745337372,2.532954251744637,2.0003014772384686,1.8047619047619048,2.1126725445816703,1.9895655917782207,0.37687725605685274,-0.04618859648317786,-0.01823506936667496,1.8640461205736611
305.77606,0.42522404,1255.792,27.021614,2007,Delta,Maize,yield,2.499157944636419,-0.7071067811865387,-0.7071067811865563,9,33933.526688287995,130.0233315684824,2.486765655261459,2.532954251744637,2.0003014772384686,2.3400071280815213,2.1259090387536745,0.29509878604002726,0.012392289374960175,0.004983296012931904,1.8640461205736611
305.84323,0.4233107,1277.7548,26.675346,2008,Delta,Maize,yield,2.6250614250614253,-0.8660254037844651,-0.49999999999995415,9,34084.5513931608,129.466711781561,2.499157944636419,2.486765655261459,2.532954251744637,2.5062926172141715,2.2647882467285774,0.02390657390478164,0.1259034804250061,0.05037836071754276,1.887756534383467
306.06,0.42762327,1271.8428,27.365923,2009,Delta,Maize,yield,1.6112181545707558,-0.9659258262890695,-0.25881904510251624,9,34805.1521329044,130.8783780162,2.6250614250614253,2.499157944636419,2.486765655261459,2.5369950083197677,2.4288481507884816,0.07651903375810597,-1.0138432704906695,-0.38621697031982627,1.9307470424286286
306.0535,0.4254658,1287.4465,27.45352,2010,Delta,Maize,yield,1.7834132203767696,-1.0,-4.3605472797921425e-14,9,35344.93823668,130.2152972203,1.6112181545707558,2.6250614250614253,2.499157944636419,2.245145841422867,2.3510314862549393,0.5525949291425261,0.17219506580601385,0.10687259532020876,1.8640461205736611
306.34503,0.42302173,1220.7533,27.04393,2011,Delta,Maize,yield,1.833942704269312,-0.9659258262890921,0.25881904510243203,9,33013.966792469,129.5906045675019,1.7834132203767696,1.6112181545707558,2.6250614250614253,2.0065642666696504,2.2011232799813656,0.5425097569408407,0.050529483892542304,0.028333020813800625,1.887756534383467
305.59457,0.42084876,1304.7032,26.770334,2012,Delta,Maize,yield,1.8557489743874045,-0.8660254037844518,0.4999999999999771,9,34927.3404348688,128.6090958472332,1.833942704269312,1.7834132203767696,1.6112181545707558,1.7428580264056126,2.0705586897829367,0.11676942698384533,0.021806270118092552,0.011890376982513606,1.9141518489841942
306.6914,0.4259423,1048.5135,27.119905,2013,Delta,Maize,yield,1.974438078448656,-0.7071067811865199,0.707106781186575,9,28435.5865112175,130.63284030622,1.8557489743874045,1.833942704269312,1.7834132203767696,1.8243682996778288,1.9418768957331334,0.03710616181355184,0.11868910406125144,0.06395752103294661,1.8640461205736611
306.36066,0.4242326,1159.8105,27.012936,2014,Delta,Maize,yield,1.5125858123569793,-0.5000000000000081,0.866025403784434,9,31329.886808628,129.968179329516,1.974438078448656,1.8557489743874045,1.833942704269312,1.8880432523684574,1.8117522264105799,0.07561036856269888,-0.4618522660916766,-0.2339158017325924,1.919758989513308
306.16895,0.4036002,1114.3763,27.112036,2015,Delta,Maize,yield,1.5205649717514125,-0.25881904510257636,0.9659258262890534,9,30213.010363146797,123.56984945379,1.5125858123569793,1.974438078448656,1.8557489743874045,1.78092428839768,1.7920257579678243,0.23984563608412943,0.007979159394433166,0.005275177996017177,1.919758989513308
306.33463,0.4153306,1207.252,27.302628,2016,Delta,Maize,yield,1.8480697384806968,7.847643204728474e-15,1.0,9,32961.152258256,127.230145678678,1.5205649717514125,1.5125858123569793,1.974438078448656,1.669196287519016,1.7394561082427529,0.26437724929277095,0.3275047667292843,0.21538360597117978,1.887756534383467
306.3891,0.41154227,1127.9817,27.362865,2017,Delta,Maize,yield,1.607867624102404,0.2588190451024817,0.9659258262890787,9,30864.810979570502,126.09206571725699,1.8480697384806968,1.5205649717514125,1.5125858123569793,1.6270735075296965,1.7422815150850297,0.19142992795556416,-0.24020211437829286,-0.12997459423569357,1.9307470424286286
306.11203,0.42416587,1310.2294,27.159376,2018,Delta,Maize,yield,1.7841801385681293,0.5000000000000216,0.8660254037844262,9,35585.0129208544,129.8422755224161,1.607867624102404,1.8480697384806968,1.5205649717514125,1.6588341114448377,1.6927052450280295,0.16959666913480814,0.17631251446572538,0.10965611336577052,1.8640461205736611
306.68036,0.43271995,1364.0745,27.172945,2019,Delta,Maize,yield,1.8966490732785075,0.707106781186531,0.707106781186564,9,37065.92136440249,132.706710045182,1.7841801385681293,1.607867624102404,1.8480697384806968,1.7467058337170769,1.6546536570519244,0.12440862743798653,0.11246893471037822,0.06303675973023593,1.919758989513308
306.6339,0.42668813,1212.3434,27.295088,2020,Delta,Maize,yield,2.018813692187092,0.8660254037844028,0.500000000000062,9,33091.0197892192,130.83704538560698,1.8966490732785075,1.7841801385681293,1.607867624102404,1.7628989453163468,1.73146630923623,0.14556217996694157,0.12216461890858432,0.0644107656127515,1.919758989513308
307.29343,0.41908243,1246.6871,27.533175,2021,Delta,Maize,yield,2.00380414774819,0.9659258262890668,0.2588190451025267,9,34325.254094542506,128.7812773674349,2.018813692187092,1.8966490732785075,1.7841801385681293,1.899880968011243,1.8311160533233661,0.11735015968731764,-0.015009544438902012,-0.007434833881397651,1.887756534383467
306.03842,0.40504837,1209.5397,26.918283,2022,Delta,Maize,yield,1.9875045912072755,1.0,5.438607851423766e-14,9,32558.7319443351,123.96036317837539,2.00380414774819,2.018813692187092,1.8966490732785075,1.9730889710712631,1.8622629351768645,0.06662293214045455,-0.016299556540914306,-0.00813430621911393,1.8640461205736611
306.0498,0.43218267,1280.7062,27.581543,2023,Delta,Maize,yield,2.0277379216466564,0.9659258262890654,-0.2588190451025314,9,35323.8531256666,132.269419716966,1.9875045912072755,2.00380414774819,2.018813692187092,2.003374143714186,1.9381903285978388,0.015658979169906377,0.04023333043938093,0.02024313836424496,1.8640461205736611
305.99786,0.43620792,1229.9347,27.047836,2003,Ebonyi,Maize,yield,2.0081549439347604,0.258819045102566,-0.9659258262890562,10,33267.0720563092,133.47869003505122,2.032146957520092,2.032146957520092,1.9584569732937684,2.007583629444651,2.007583629444651,0.04254493222964717,-0.023992013585331762,-0.011806239453572842,1.860329538166062
305.37308,0.4265949,1194.7395,27.10436,2004,Ebonyi,Maize,yield,1.9289340101522845,-1.8628248921044712e-14,-1.0,10,32382.649514219996,130.270598525292,2.0081549439347604,2.032146957520092,2.032146957520092,2.024149619658315,2.0077264580671783,0.013851795501892451,-0.07922093378247586,-0.039449612203354745,1.860329538166062
305.5993,0.42260066,1155.0626,27.43251,2005,Ebonyi,Maize,yield,2.0140105078809105,-0.25881904510249215,-0.965925826289076,10,31686.266325126,129.146465875538,1.9289340101522845,2.0081549439347604,2.032146957520092,1.9897453038690456,1.9919679684841995,0.05401309342742118,0.08507649772862602,0.04410544750668244,1.9059969497254265
305.8544,0.42724425,1304.5823,27.389,2006,Ebonyi,Maize,yield,2.0392156862745097,-0.4999999999999325,-0.8660254037844776,10,35731.2046147,130.6745337372,2.0140105078809105,1.9289340101522845,2.0081549439347604,1.9836998206559848,2.0030786754016274,0.04751886370040106,0.025205178393599148,0.012514919011082704,1.860329538166062
305.77606,0.42522404,1255.792,27.021614,2007,Ebonyi,Maize,yield,2.0392156862745097,-0.7071067811865387,-0.7071067811865563,10,33933.526688287995,130.0233315684824,2.0392156862745097,2.0140105078809105,1.9289340101522845,1.9940534014359015,2.0044924211525115,0.05778604152669487,0.0,0.0,1.8789918226268285
305.84323,0.4233107,1277.7548,26.675346,2008,Ebonyi,Maize,yield,2.399673735725938,-0.8660254037844651,-0.49999999999995415,10,34084.5513931608,129.466711781561,2.0392156862745097,2.0392156862745097,2.0140105078809105,2.03081396014331,2.0059061669033946,0.014552216530517055,0.36045804945142823,0.1767630819425272,1.860329538166062
306.06,0.42762327,1271.8428,27.365923,2009,Ebonyi,Maize,yield,2.106498194945849,-0.9659258262890695,-0.25881904510251624,10,34805.1521329044,130.8783780162,2.399673735725938,2.0392156862745097,2.0392156862745097,2.159368369424986,2.08420992526163,0.20811055188234945,-0.2931755407800889,-0.12217308395526483,1.8789918226268285
306.0535,0.4254658,1287.4465,27.45352,2010,Ebonyi,Maize,yield,2.1875,-1.0,-4.3605472797921425e-14,10,35344.93823668,130.2152972203,2.106498194945849,2.399673735725938,2.0392156862745097,2.181795872315432,2.119722762220343,0.19166326334621983,0.081001805054151,0.038453299057411794,1.8789918226268285
306.34503,0.42302173,1220.7533,27.04393,2011,Ebonyi,Maize,yield,2.138175675675676,-0.9659258262890921,0.25881904510243203,10,33013.966792469,129.5906045675019,2.1875,2.106498194945849,2.399673735725938,2.2312239768905955,2.154420660644161,0.15139951797899265,-0.04932432432432421,-0.022548262548262477,1.860329538166062
305.59457,0.42084876,1304.7032,26.770334,2012,Ebonyi,Maize,yield,2.3350515463917527,-0.8660254037844518,0.4999999999999771,10,34927.3404348688,128.6090958472332,2.138175675675676,2.1875,2.106498194945849,2.1440579568738416,2.1742126585243944,0.04082001996053398,0.19687587071607693,0.09207656459465752,1.8780098646598065
306.6914,0.4259423,1048.5135,27.119905,2013,Ebonyi,Maize,yield,1.540983606557377,-0.7071067811865199,0.707106781186575,10,28435.5865112175,130.63284030622,2.3350515463917527,2.138175675675676,2.1875,2.22024240735581,2.233379830547843,0.10244059765124149,-0.7940679398343757,-0.34006441573480994,1.9059969497254265
306.36066,0.4242326,1159.8105,27.012936,2014,Ebonyi,Maize,yield,1.4878397711015736,-0.5000000000000081,0.866025403784434,10,31329.886808628,129.968179329516,1.540983606557377,2.3350515463917527,2.138175675675676,2.0047369428749353,2.0616418047141307,0.4135098485245585,-0.05314383545580337,-0.03448695705110649,1.928440269217337
306.16895,0.4036002,1114.3763,27.112036,2015,Ebonyi,Maize,yield,1.529624478442281,-0.25881904510257636,0.9659258262890534,10,30213.010363146797,123.56984945379,1.4878397711015736,1.540983606557377,2.3350515463917527,1.7879583080169013,1.937910119945276,0.4745411735754345,0.04178470734070738,0.028084144645340814,1.928440269217337
306.33463,0.4153306,1207.252,27.302628,2016,Ebonyi,Maize,yield,1.9192796269496704,7.847643204728474e-15,1.0,10,32961.152258256,127.230145678678,1.529624478442281,1.4878397711015736,1.540983606557377,1.5194826187004107,1.806335015633732,0.027985885746341987,0.38965514850738936,0.2547390905408373,1.9059969497254265
306.3891,0.41154227,1127.9817,27.362865,2017,Ebonyi,Maize,yield,1.9292193308550185,0.2588190451024817,0.9659258262890787,10,30864.810979570502,126.09206571725699,1.9192796269496704,1.529624478442281,1.4878397711015736,1.6455812921645083,1.7625558058885311,0.23794867995014396,0.009939703905348152,0.005178872200683582,1.8780098646598065
306.11203,0.42416587,1310.2294,27.159376,2018,Ebonyi,Maize,yield,2.056664434025452,0.5000000000000216,0.8660254037844262,10,35585.0129208544,129.8422755224161,1.9292193308550185,1.9192796269496704,1.529624478442281,1.7927078120823232,1.681389362781184,0.22789104799838142,0.12744510317043356,0.06606045312325937,1.8780098646598065
306.68036,0.43271995,1364.0745,27.172945,2019,Ebonyi,Maize,yield,1.9520439292251373,0.707106781186531,0.707106781186564,10,37065.92136440249,132.706710045182,2.056664434025452,1.9292193308550185,1.9192796269496704,1.9683877972767139,1.7845255282747992,0.07661117983155961,-0.10462050480031482,-0.0508690202784049,1.8780098646598065
306.6339,0.42668813,1212.3434,27.295088,2020,Ebonyi,Maize,yield,1.819795827785176,0.8660254037844028,0.500000000000062,10,33091.0197892192,130.83704538560698,1.9520439292251373,2.056664434025452,1.9292193308550185,1.9793092313685359,1.8773663598995118,0.06795668551554916,-0.13224810143996124,-0.06774852730514991,1.860329538166062
307.29343,0.41908243,1246.6871,27.533175,2021,Ebonyi,Maize,yield,1.8283965460706089,0.9659258262890668,0.2588190451025267,10,34325.254094542506,128.7812773674349,1.819795827785176,1.9520439292251373,2.056664434025452,1.9428347303452551,1.9354006297680908,0.11870253225420349,0.008600718285432851,0.004726199584653701,1.928440269217337
306.03842,0.40504837,1209.5397,26.918283,2022,Ebonyi,Maize,yield,1.7409526120475698,1.0,5.438607851423766e-14,10,32558.7319443351,123.96036317837539,1.8283965460706089,1.819795827785176,1.9520439292251373,1.8667454343603074,1.9172240135922785,0.07399572966334664,-0.08744393402303907,-0.04782547539316029,1.8780098646598065
306.0498,0.43218267,1280.7062,27.581543,2023,Ebonyi,Maize,yield,1.7761952415551714,0.9659258262890654,-0.2588190451025314,10,35323.8531256666,132.269419716966,1.7409526120475698,1.8283965460706089,1.819795827785176,1.7963816619677848,1.8795706698307888,0.0481952048449883,0.0352426295076016,0.020243302008175812,1.8789918226268285
305.99786,0.43620792,1229.9347,27.047836,2003,Edo,Maize,yield,1.5627885503231764,0.258819045102566,-0.9659258262890562,11,33267.0720563092,133.47869003505122,1.5627885503231764,1.5627885503231764,1.5267527675276753,1.5507766227246762,1.5507766227246762,0.020805268897441363,0.0,0.0,1.6540073429995312
305.37308,0.4265949,1194.7395,27.10436,2004,Edo,Maize,yield,1.5454545454545454,-1.8628248921044712e-14,-1.0,11,32382.649514219996,130.270598525292,1.5627885503231764,1.5627885503231764,1.5627885503231764,1.5627885503231764,1.553779604624301,0.0,-0.017334004868631014,-0.011091714784477014,1.6706522028786255
305.5993,0.42260066,1155.0626,27.43251,2005,Edo,Maize,yield,1.5493867010974822,-0.25881904510249215,-0.965925826289076,11,31686.266325126,129.146465875538,1.5454545454545454,1.5627885503231764,1.5627885503231764,1.5570105487002994,1.5521145927903501,0.0100077923770384,0.003932155642936808,0.0025443360042531893,1.6706522028786255
305.8544,0.42724425,1304.5823,27.389,2006,Edo,Maize,yield,1.5580926796507724,-0.4999999999999325,-0.8660254037844776,11,35731.2046147,130.6745337372,1.5493867010974822,1.5454545454545454,1.5627885503231764,1.552543265625068,1.5566413795043115,0.009087896121162476,0.008705978553290139,0.005618983657936116,1.6540073429995312
305.77606,0.42522404,1255.792,27.021614,2007,Edo,Maize,yield,1.53125,-0.7071067811865387,-0.7071067811865563,11,33933.526688287995,130.0233315684824,1.5580926796507724,1.5493867010974822,1.5454545454545454,1.5509779754009332,1.5557022053698304,0.006467590310314767,-0.02684267965077236,-0.017227909482758652,1.6540073429995312
305.84323,0.4233107,1277.7548,26.675346,2008,Edo,Maize,yield,0.0824652777777777,-0.8660254037844651,-0.49999999999995415,11,34084.5513931608,129.466711781561,1.53125,1.5580926796507724,1.5493867010974822,1.546243126916085,1.549394495305195,0.013694667089197652,-1.4487847222222223,-0.9461451247165533,1.7315280403503908
306.06,0.42762327,1271.8428,27.365923,2009,Edo,Maize,yield,1.6787330316742082,-0.9659258262890695,-0.25881904510251624,11,34805.1521329044,130.8783780162,0.0824652777777777,1.53125,1.5580926796507724,1.05726931914285,1.2533298407961158,0.8443117443568853,1.5962677538964305,19.356846868301993,1.6706522028786255
306.0535,0.4254658,1287.4465,27.45352,2010,Edo,Maize,yield,1.5717916137229988,-1.0,-4.3605472797921425e-14,11,35344.93823668,130.2152972203,1.6787330316742082,0.0824652777777777,1.53125,1.0974827698173286,1.279985538040048,0.8821185821745557,-0.10694141795120937,-0.06370364789007354,1.7315280403503908
306.34503,0.42302173,1220.7533,27.04393,2011,Edo,Maize,yield,1.5478007087763186,-0.9659258262890921,0.25881904510243203,11,33013.966792469,129.5906045675019,1.5717916137229988,1.6787330316742082,0.0824652777777777,1.1109966410583283,1.2844665205651513,0.8923377671359451,-0.023990904946680214,-0.015263413252253333,1.6723588071436277
305.59457,0.42084876,1304.7032,26.770334,2012,Edo,Maize,yield,1.936873459326212,-0.8660254037844518,0.4999999999999771,11,34927.3404348688,128.6090958472332,1.5478007087763186,1.5717916137229988,1.6787330316742082,1.5994417847245084,1.2824081263902607,0.06970808606014607,0.38907275054989343,0.25137134796733096,1.639116802616088
306.6914,0.4259423,1048.5135,27.119905,2013,Edo,Maize,yield,2.017910447761194,-0.7071067811865199,0.707106781186575,11,28435.5865112175,130.63284030622,1.936873459326212,1.5478007087763186,1.5717916137229988,1.685488593941843,1.363532818255503,0.21803590022810015,0.08103698843498197,0.041839072162810576,1.639116802616088
306.36066,0.4242326,1159.8105,27.012936,2014,Edo,Maize,yield,1.3300760043431052,-0.5000000000000081,0.866025403784434,11,31329.886808628,129.968179329516,2.017910447761194,1.936873459326212,1.5478007087763186,1.8341948719545746,1.7506218522521864,0.251312476611455,-0.6878344434180887,-0.3408647019897333,1.639116802616088
306.16895,0.4036002,1114.3763,27.112036,2015,Edo,Maize,yield,1.360401267159451,-0.25881904510257636,0.9659258262890534,11,30213.010363146797,123.56984945379,1.3300760043431052,2.017910447761194,1.936873459326212,1.7616199704768372,1.6808904467859658,0.37591806873769235,0.030325262816345733,0.022799646574575005,1.639116802616088
306.33463,0.4153306,1207.252,27.302628,2016,Edo,Maize,yield,1.6868237557105072,7.847643204728474e-15,1.0,11,32961.152258256,127.230145678678,1.360401267159451,1.3300760043431052,2.017910447761194,1.5694625730879166,1.6386123774732564,0.38866312870589403,0.32642248855105627,0.23994573985705991,1.6540073429995312
306.3891,0.41154227,1127.9817,27.362865,2017,Edo,Maize,yield,1.6815357301375944,0.2588190451024817,0.9659258262890787,11,30864.810979570502,126.09206571725699,1.6868237557105072,1.360401267159451,1.3300760043431052,1.4591003424043543,1.666416986860094,0.19779628438641952,-0.005288025572912858,-0.003134901055911188,1.7315280403503908
306.11203,0.42416587,1310.2294,27.159376,2018,Edo,Maize,yield,1.6837486129325128,0.5000000000000216,0.8660254037844262,11,35585.0129208544,129.8422755224161,1.6815357301375944,1.6868237557105072,1.360401267159451,1.576253584335851,1.6153494410223703,0.1869522878341706,0.0022128827949183805,0.0013159891611327357,1.6706522028786255
306.68036,0.43271995,1364.0745,27.172945,2019,Edo,Maize,yield,1.6188473669119756,0.707106781186531,0.707106781186564,11,37065.92136440249,132.706710045182,1.6837486129325128,1.6815357301375944,1.6868237557105072,1.6840360329268715,1.548517074056634,0.002655703542334834,-0.06490124602053715,-0.03854568640594236,1.6540073429995312
306.6339,0.42668813,1212.3434,27.295088,2020,Edo,Maize,yield,1.5187262529401122,0.8660254037844028,0.500000000000062,11,33091.0197892192,130.83704538560698,1.6188473669119756,1.6837486129325128,1.6815357301375944,1.6613772366606943,1.6062713465704082,0.036848562769776584,-0.1001211139718634,-0.06184716114580269,1.6723588071436277
307.29343,0.41908243,1246.6871,27.533175,2021,Edo,Maize,yield,1.477882657782713,0.9659258262890668,0.2588190451025267,11,34325.254094542506,128.7812773674349,1.5187262529401122,1.6188473669119756,1.6837486129325128,1.6071074109282002,1.6379363437265404,0.08313521966796594,-0.040843595157399104,-0.02689332266320521,1.7315280403503908
306.03842,0.40504837,1209.5397,26.918283,2022,Edo,Maize,yield,2.2569464412969205,1.0,5.438607851423766e-14,11,32558.7319443351,123.96036317837539,1.477882657782713,1.5187262529401122,1.6188473669119756,1.5384854258782668,1.5961481241409816,0.0725298627557925,0.7790637835142074,0.5271486064279602,1.6540073429995312
306.0498,0.43218267,1280.7062,27.581543,2023,Edo,Maize,yield,2.30263432227338,0.9659258262890654,-0.2588190451025314,11,35323.8531256666,132.269419716966,2.2569464412969205,1.477882657782713,1.5187262529401122,1.7511851173399153,1.7112302663728467,0.4384779782661867,0.04568788097645937,0.02024322781457122,1.639116802616088
305.99786,0.43620792,1229.9347,27.047836,2003,Ekiti,Maize,yield,1.2388318442458994,0.258819045102566,-0.9659258262890562,12,33267.0720563092,133.47869003505122,1.2357544967733076,1.247228381374723,1.13535406323491,1.2061123137943135,1.2061123137943135,0.061546405448508104,0.003077347472591807,0.002490257960320763,1.7645263005975345
305.37308,0.4265949,1194.7395,27.10436,2004,Ekiti,Maize,yield,1.2388318442458994,-1.8628248921044712e-14,-1.0,12,32382.649514219996,130.270598525292,1.2388318442458994,1.2357544967733076,1.247228381374723,1.2406049074646432,1.21429219640721,0.005938882205002519,0.0,0.0,1.7296197850116772
305.5993,0.42260066,1155.0626,27.43251,2005,Ekiti,Maize,yield,1.254054054054054,-0.25881904510249215,-0.965925826289076,12,31686.266325126,129.146465875538,1.2388318442458994,1.2388318442458994,1.2357544967733076,1.2378060617550355,1.2192001259749479,0.0017767073916907848,0.015222209808154474,0.012287551275710573,1.759868578540482
305.8544,0.42724425,1304.5823,27.389,2006,Ekiti,Maize,yield,1.2803874092009686,-0.4999999999999325,-0.8660254037844776,12,35731.2046147,130.6745337372,1.254054054054054,1.2388318442458994,1.2388318442458994,1.2439059141819508,1.2429401241387765,0.00878854693039898,0.026333355146914705,0.020998580612841433,1.7334726437401249
305.77606,0.42522404,1255.792,27.021614,2007,Ekiti,Maize,yield,1.3466380677049332,-0.7071067811865387,-0.7071067811865563,12,33933.526688287995,130.0233315684824,1.2803874092009686,1.254054054054054,1.2388318442458994,1.2577577691669741,1.2495719297040258,0.021023900064260272,0.06625065850396461,0.05174266634292235,1.7854151988173295
305.84323,0.4233107,1277.7548,26.675346,2008,Ekiti,Maize,yield,1.1905232634770002,-0.8660254037844651,-0.49999999999995415,12,34084.5513931608,129.466711781561,1.3466380677049332,1.2803874092009686,1.254054054054054,1.293693176986652,1.271748643890351,0.04770463801562137,-0.156114804227933,-0.11592929679613062,1.7854151988173295
306.06,0.42762327,1271.8428,27.365923,2009,Ekiti,Maize,yield,2.1516327190430005,-0.9659258262890695,-0.25881904510251624,12,34805.1521329044,130.8783780162,1.1905232634770002,1.3466380677049332,1.2803874092009686,1.2725162467943008,1.262086927736571,0.07835447927850442,0.9611094555660002,0.8073000209664261,1.7296197850116772
306.0535,0.4254658,1287.4465,27.45352,2010,Ekiti,Maize,yield,2.1132267072861133,-1.0,-4.3605472797921425e-14,12,35344.93823668,130.2152972203,2.1516327190430005,1.1905232634770002,1.3466380677049332,1.562931350074978,1.4446471026959913,0.5157712035325348,-0.03840601175688718,-0.017849706140353416,1.759868578540482
306.34503,0.42302173,1220.7533,27.04393,2011,Ekiti,Maize,yield,2.176710676653548,-0.9659258262890921,0.25881904510243203,12,33013.966792469,129.5906045675019,2.1132267072861133,2.1516327190430005,1.1905232634770002,1.818460896602038,1.6164816333424032,0.5441488847326381,0.0634839693674345,0.03004124883929893,1.759868578540482
305.59457,0.42084876,1304.7032,26.770334,2012,Ekiti,Maize,yield,2.1512748756218905,-0.8660254037844518,0.4999999999999771,12,34927.3404348688,128.6090958472332,2.176710676653548,2.1132267072861133,2.1516327190430005,2.147190034327554,1.7957462868329188,0.0319743127724848,-0.025435801031657324,-0.011685430362643356,1.7334726437401249
306.6914,0.4259423,1048.5135,27.119905,2013,Ekiti,Maize,yield,2.250997238416692,-0.7071067811865199,0.707106781186575,12,28435.5865112175,130.63284030622,2.1512748756218905,2.176710676653548,2.1132267072861133,2.1470707531871835,1.9566736484163105,0.031950110731365854,0.09972236279480162,0.04635500740739795,1.7296197850116772
306.36066,0.4242326,1159.8105,27.012936,2014,Ekiti,Maize,yield,1.83159828536436,-0.5000000000000081,0.866025403784434,12,31329.886808628,129.968179329516,2.250997238416692,2.1512748756218905,2.176710676653548,2.1929942635640436,2.168768443404249,0.051817022418786135,-0.4193989530523321,-0.18631695583390817,1.7296197850116772
306.16895,0.4036002,1114.3763,27.112036,2015,Ekiti,Maize,yield,1.189671641791045,-0.25881904510257636,0.9659258262890534,12,30213.010363146797,123.56984945379,1.83159828536436,2.250997238416692,2.1512748756218905,2.077956799800981,2.1047615566685205,0.21910163312241454,-0.6419266435733151,-0.3504734901221075,1.759868578540482
306.33463,0.4153306,1207.252,27.302628,2016,Ekiti,Maize,yield,1.7538594097795648,7.847643204728474e-15,1.0,12,32961.152258256,127.230145678678,1.189671641791045,1.83159828536436,2.250997238416692,1.7574223885240323,1.920050543569507,0.5345367651221447,0.5641877679885199,0.47423822521241066,1.7854151988173295
306.3891,0.41154227,1127.9817,27.362865,2017,Ekiti,Maize,yield,1.7924001860094334,0.2588190451024817,0.9659258262890787,12,30864.810979570502,126.09206571725699,1.7538594097795648,1.189671641791045,1.83159828536436,1.5917097789783232,1.8354802901947103,0.35033816664625567,0.03854077622986862,0.021974837900326616,1.759868578540482
306.11203,0.42416587,1310.2294,27.159376,2018,Ekiti,Maize,yield,1.839471810473169,0.5000000000000216,0.8660254037844262,12,35585.0129208544,129.8422755224161,1.7924001860094334,1.7538594097795648,1.189671641791045,1.5786437458600142,1.763705352272219,0.33741046392484775,0.047071624463735695,0.026261782849138715,1.7296197850116772
306.68036,0.43271995,1364.0745,27.172945,2019,Ekiti,Maize,yield,1.8197756864767307,0.707106781186531,0.707106781186564,12,37065.92136440249,132.706710045182,1.839471810473169,1.7924001860094334,1.7538594097795648,1.7952438020873889,1.6814002666835144,0.042876979866005256,-0.019696123996438386,-0.010707488902138684,1.7334726437401249
306.6339,0.42668813,1212.3434,27.295088,2020,Ekiti,Maize,yield,1.8000128361465888,0.8660254037844028,0.500000000000062,12,33091.0197892192,130.83704538560698,1.8197756864767307,1.839471810473169,1.7924001860094334,1.8172158943197776,1.6790357469059884,0.023639984334364872,-0.019762850330141912,-0.010860047464643752,1.7645263005975345
307.29343,0.41908243,1246.6871,27.533175,2021,Ekiti,Maize,yield,1.8370652107232688,0.9659258262890668,0.2588190451025267,12,34325.254094542506,128.7812773674349,1.8000128361465888,1.8197756864767307,1.839471810473169,1.8197534443654961,1.8011039857770974,0.019729496566315285,0.03705237457667998,0.02058450575052584,1.7645263005975345
306.03842,0.40504837,1209.5397,26.918283,2022,Ekiti,Maize,yield,1.9606151697963243,1.0,5.438607851423766e-14,12,32558.7319443351,123.96036317837539,1.8370652107232688,1.8000128361465888,1.8197756864767307,1.818951244448863,1.8177451459658382,0.01853994050518549,0.12354995907305555,0.06725398660421678,1.7334726437401249
306.0498,0.43218267,1280.7062,27.581543,2023,Ekiti,Maize,yield,2.000304429507566,0.9659258262890654,-0.2588190451025314,12,35323.8531256666,132.269419716966,1.9606151697963243,1.8370652107232688,1.8000128361465888,1.8658977388887272,1.8513881427232164,0.08409377743771793,0.03968925971124149,0.02024326870599724,1.7334726437401249
305.99786,0.43620792,1229.9347,27.047836,2003,Enugu,Maize,yield,1.7695652173913043,0.258819045102566,-0.9659258262890562,13,33267.0720563092,133.47869003505122,1.712829603368048,1.746497966561229,1.6724336793540946,1.7105870830944572,1.7105870830944572,0.037083032949831965,0.05673561402325644,0.03312391023117156,1.8018383429534814
305.37308,0.4265949,1194.7395,27.10436,2004,Enugu,Maize,yield,1.7196798686640673,-1.8628248921044712e-14,-1.0,13,32382.649514219996,130.270598525292,1.7695652173913043,1.712829603368048,1.746497966561229,1.7429642624401938,1.725331616668669,0.028532398659423044,-0.049885348727237044,-0.028190737609986583,1.8311631082996171
305.5993,0.42260066,1155.0626,27.43251,2005,Enugu,Maize,yield,1.8299284092893315,-0.25881904510249215,-0.965925826289076,13,31686.266325126,129.146465875538,1.7196798686640673,1.7695652173913043,1.712829603368048,1.734024896474473,1.7242012670677487,0.030968812405547094,0.11024854062526424,0.0641099210581042,1.7915413773827438
305.8544,0.42724425,1304.5823,27.389,2006,Enugu,Maize,yield,1.8695580745851816,-0.4999999999999325,-0.8660254037844776,13,35731.2046147,130.6745337372,1.8299284092893315,1.7196798686640673,1.7695652173913043,1.7730578317815677,1.755700213054796,0.05520719105297295,0.0396296652958501,0.021656402018066068,1.8018383429534814
305.77606,0.42522404,1255.792,27.021614,2007,Enugu,Maize,yield,1.8449731389102075,-0.7071067811865387,-0.7071067811865563,13,33933.526688287995,130.0233315684824,1.8695580745851816,1.8299284092893315,1.7196798686640673,1.8063887841795268,1.7803122346595868,0.0776624401835639,-0.024584935674974107,-0.013150132113670221,1.8311631082996171
305.84323,0.4233107,1277.7548,26.675346,2008,Enugu,Maize,yield,1.6903591119058263,-0.8660254037844651,-0.49999999999995415,13,34084.5513931608,129.466711781561,1.8449731389102075,1.8695580745851816,1.8299284092893315,1.8481532075949072,1.8067409417680185,0.020005304808847796,-0.1546140270043812,-0.08380286072658427,1.8311631082996171
306.06,0.42762327,1271.8428,27.365923,2009,Enugu,Maize,yield,1.8928326709606689,-0.9659258262890695,-0.25881904510251624,13,34805.1521329044,130.8783780162,1.6903591119058263,1.8449731389102075,1.8695580745851816,1.8016301084670718,1.790899720670923,0.09714438106414187,0.20247355905484254,0.11978138706074115,1.8050299635450835
306.0535,0.4254658,1287.4465,27.45352,2010,Enugu,Maize,yield,1.892716049382716,-1.0,-4.3605472797921425e-14,13,35344.93823668,130.2152972203,1.8928326709606689,1.6903591119058263,1.8449731389102075,1.809388307258901,1.8255302811302432,0.10582341759659163,-0.00011662157795289119,-6.161219622957681e-05,1.8311631082996171
306.34503,0.42302173,1220.7533,27.04393,2011,Enugu,Maize,yield,1.8866952789699567,-0.9659258262890921,0.25881904510243203,13,33013.966792469,129.5906045675019,1.892716049382716,1.8928326709606689,1.6903591119058263,1.825302610749737,1.8380878091489201,0.11686451262177744,-0.00602077041275928,-0.003181021482183133,1.7915413773827438
305.59457,0.42084876,1304.7032,26.770334,2012,Enugu,Maize,yield,1.8255208333333333,-0.8660254037844518,0.4999999999999771,13,34927.3404348688,128.6090958472332,1.8866952789699567,1.892716049382716,1.8928326709606689,1.8907479997711139,1.8415152500258753,0.0035102435196676177,-0.06117444563662344,-0.032424126099484196,1.8050299635450835
306.6914,0.4259423,1048.5135,27.119905,2013,Enugu,Maize,yield,1.8646565404670143,-0.7071067811865199,0.707106781186575,13,28435.5865112175,130.63284030622,1.8255208333333333,1.8866952789699567,1.892716049382716,1.8683107205620022,1.8376247889105002,0.037179204615921495,0.039135707133681086,0.021438104906324584,1.8050299635450835
306.36066,0.4242326,1159.8105,27.012936,2014,Enugu,Maize,yield,1.2069351230425056,-0.5000000000000081,0.866025403784434,13,31329.886808628,129.968179329516,1.8646565404670143,1.8255208333333333,1.8866952789699567,1.8589575509234348,1.8724842746227377,0.03098285108088888,-0.6577214174245087,-0.35273059845100396,1.8311631082996171
306.16895,0.4036002,1114.3763,27.112036,2015,Enugu,Maize,yield,1.3509371554575524,-0.25881904510257636,0.9659258262890534,13,30213.010363146797,123.56984945379,1.2069351230425056,1.8646565404670143,1.8255208333333333,1.632370832280951,1.7353047650391051,0.3689573930884534,0.14400203241504683,0.1193121566070916,1.8050299635450835
306.33463,0.4153306,1207.252,27.302628,2016,Enugu,Maize,yield,1.78627869058071,7.847643204728474e-15,1.0,13,32961.152258256,127.230145678678,1.3509371554575524,1.2069351230425056,1.8646565404670143,1.4741762729890242,1.6269489862540722,0.3457459700447394,0.43534153512315754,0.3222515076770618,1.7915413773827438
306.3891,0.41154227,1127.9817,27.362865,2017,Enugu,Maize,yield,1.8249623013571512,0.2588190451024817,0.9659258262890787,13,30864.810979570502,126.09206571725699,1.78627869058071,1.3509371554575524,1.2069351230425056,1.4480503230269228,1.6068656685762233,0.3016338306597763,0.038683610776441224,0.021655977300980567,1.8311631082996171
306.11203,0.42416587,1310.2294,27.159376,2018,Enugu,Maize,yield,1.8980335837384004,0.5000000000000216,0.8660254037844262,13,35585.0129208544,129.8422755224161,1.8249623013571512,1.78627869058071,1.3509371554575524,1.654059382465138,1.6067539621809868,0.26322313503034694,0.07307128238124916,0.04003988593458008,1.8018383429534814
306.68036,0.43271995,1364.0745,27.172945,2019,Enugu,Maize,yield,1.861090285959088,0.707106781186531,0.707106781186564,13,37065.92136440249,132.706710045182,1.8980335837384004,1.8249623013571512,1.78627869058071,1.836424858558754,1.613429370835264,0.05675237175107068,-0.03694329777931227,-0.01946398530343607,1.8311631082996171
306.6339,0.42668813,1212.3434,27.295088,2020,Enugu,Maize,yield,1.823889580738896,0.8660254037844028,0.500000000000062,13,33091.0197892192,130.83704538560698,1.861090285959088,1.8980335837384004,1.8249623013571512,1.8613620570182132,1.7442604034185805,0.03653639927307478,-0.03720070522019214,-0.019988662291588577,1.7915413773827438
307.29343,0.41908243,1246.6871,27.533175,2021,Enugu,Maize,yield,1.879588688946016,0.9659258262890668,0.2588190451025267,13,34325.254094542506,128.7812773674349,1.823889580738896,1.861090285959088,1.8980335837384004,1.8610044834787949,1.8388508884748493,0.037072075970289185,0.055699108207120096,0.030538640494100155,1.803634726315545
306.03842,0.40504837,1209.5397,26.918283,2022,Enugu,Maize,yield,2.0817627068821394,1.0,5.438607851423766e-14,13,32558.7319443351,123.96036317837539,1.879588688946016,1.823889580738896,1.861090285959088,1.8548561852146666,1.8575128881479102,0.028368039636814127,0.20217401793612333,0.10756290412105685,1.7915413773827438
306.0498,0.43218267,1280.7062,27.581543,2023,Enugu,Maize,yield,2.1239042260216285,0.9659258262890654,-0.2588190451025314,13,35323.8531256666,132.269419716966,2.0817627068821394,1.879588688946016,1.823889580738896,1.9284136588556837,1.9088729692529078,0.13569283533677212,0.04214151913948916,0.020243190542405642,1.8050299635450835
305.99786,0.43620792,1229.9347,27.047836,2003,Federal Capital Territory,Maize,yield,2.207920792079208,0.258819045102566,-0.9659258262890562,14,33267.0720563092,133.47869003505122,2.268041237113402,2.2319201995012468,2.2998544395924307,2.2666052920690265,2.2666052920690265,0.03398987640194525,-0.06012044503419389,-0.02650765076507644,2.005574719990727
305.84323,0.4233107,1277.7548,26.675346,2008,Federal Capital Territory,Maize,yield,1.8841463414634143,-0.8660254037844651,-0.49999999999995415,14,34084.5513931608,129.466711781561,2.207920792079208,2.268041237113402,2.2319201995012468,2.235960742897952,2.251934167071572,0.030263203250530092,-0.3237744506157938,-0.1466422399650008,2.026274180379863
306.06,0.42762327,1271.8428,27.365923,2009,Federal Capital Territory,Maize,yield,1.8602833414753297,-0.9659258262890695,-0.25881904510251624,14,34805.1521329044,130.8783780162,1.8841463414634143,2.207920792079208,2.268041237113402,2.1200361235520084,2.17837660194994,0.20648634082701592,-0.02386299998808461,-0.012665152097235843,2.005574719990727
306.0535,0.4254658,1287.4465,27.45352,2010,Federal Capital Territory,Maize,yield,1.854631217838765,-1.0,-4.3605472797921425e-14,14,35344.93823668,130.2152972203,1.8602833414753297,1.8841463414634143,2.207920792079208,1.9841168250059837,2.0904623823265203,0.19418682357562878,-0.005652123636564754,-0.0030383133098865756,2.0272451555874973
306.34503,0.42302173,1220.7533,27.04393,2011,Federal Capital Territory,Maize,yield,1.901688311688312,-0.9659258262890921,0.25881904510243203,14,33013.966792469,129.5906045675019,1.854631217838765,1.8602833414753297,1.8841463414634143,1.866353633592503,2.0150045859940238,0.015665949235057666,0.04705709384954715,0.02537274979355919,2.0117017331264253
305.59457,0.42084876,1304.7032,26.770334,2012,Federal Capital Territory,Maize,yield,1.880413223140496,-0.8660254037844518,0.4999999999999771,14,34927.3404348688,128.6090958472332,1.901688311688312,1.854631217838765,1.8602833414753297,1.8722009570008022,1.9417340009090058,0.02569269721634863,-0.021275088547816123,-0.01118747400247111,2.018014297216059
306.36066,0.4242326,1159.8105,27.012936,2014,Federal Capital Territory,Maize,yield,2.376086956521739,-0.5000000000000081,0.866025403784434,14,31329.886808628,129.968179329516,1.880413223140496,1.901688311688312,1.854631217838765,1.8789109175558576,1.8762324871212634,0.02356449048766932,0.4956737333812431,0.2635983023738866,2.018014297216059
306.16895,0.4036002,1114.3763,27.112036,2015,Federal Capital Territory,Maize,yield,2.2354041416165664,-0.25881904510257636,0.9659258262890534,14,30213.010363146797,123.56984945379,2.376086956521739,1.880413223140496,1.901688311688312,2.052729497116849,1.9746206101329284,0.28023774239521737,-0.14068281490517265,-0.05920777205524197,2.0272451555874973
306.33463,0.4153306,1207.252,27.302628,2016,Federal Capital Territory,Maize,yield,2.32588767695521,7.847643204728474e-15,1.0,14,32961.152258256,127.230145678678,2.2354041416165664,2.376086956521739,1.880413223140496,2.1639681070929337,2.0496447701611755,0.25544166215081526,0.0904835353386435,0.04047748398336992,2.018014297216059
306.3891,0.41154227,1127.9817,27.362865,2017,Federal Capital Territory,Maize,yield,2.280042754619026,0.2588190451024817,0.9659258262890787,14,30864.810979570502,126.09206571725699,2.32588767695521,2.2354041416165664,2.376086956521739,2.3124595916978383,2.1438960619844645,0.07129620402006205,-0.04584492233618409,-0.01971072068114621,2.0272451555874973
306.11203,0.42416587,1310.2294,27.159376,2018,Federal Capital Territory,Maize,yield,2.2773496907634594,0.5000000000000216,0.8660254037844262,14,35585.0129208544,129.8422755224161,2.280042754619026,2.32588767695521,2.2354041416165664,2.2804448577302674,2.2195669505706075,0.045243107840079365,-0.0026930638555664466,-0.0011811462088202607,2.0117017331264253
306.68036,0.43271995,1364.0745,27.172945,2019,Federal Capital Territory,Maize,yield,2.2754600294013283,0.707106781186531,0.707106781186564,14,37065.92136440249,132.706710045182,2.2773496907634594,2.280042754619026,2.32588767695521,2.2944267074458984,2.2989542440952,0.02727925219066724,-0.0018896613621310898,-0.000829763373536907,2.0117017331264253
306.6339,0.42668813,1212.3434,27.295088,2020,Federal Capital Territory,Maize,yield,2.2736351193795308,0.8660254037844028,0.500000000000062,14,33091.0197892192,130.83704538560698,2.2754600294013283,2.2773496907634594,2.280042754619026,2.2776174915946044,2.278828858671118,0.0023030698142281016,-0.0018249100217975212,-0.0008019960791302294,2.005574719990727
307.29343,0.41908243,1246.6871,27.533175,2021,Federal Capital Territory,Maize,yield,2.2847805319523355,0.9659258262890668,0.2588190451025267,14,34325.254094542506,128.7812773674349,2.2736351193795308,2.2754600294013283,2.2773496907634594,2.2754816131814395,2.2864750542237107,0.0018573797501734587,0.01114541257280477,0.004902023406397005,2.0117017331264253
306.03842,0.40504837,1209.5397,26.918283,2022,Federal Capital Territory,Maize,yield,2.481990022006665,1.0,5.438607851423766e-14,14,32558.7319443351,123.96036317837539,2.2847805319523355,2.2736351193795308,2.2754600294013283,2.277958560244398,2.278253625223136,0.005978047142248278,0.19720949005432953,0.0863144128271327,2.026274180379863
306.0498,0.43218267,1280.7062,27.581543,2023,Federal Capital Territory,Maize,yield,2.5322335998567342,0.9659258262890654,-0.2588190451025314,14,35323.8531256666,132.269419716966,2.481990022006665,2.2847805319523355,2.2736351193795308,2.3468018911128437,2.318643078700664,0.11720890796470328,0.050243577850069165,0.020243263431594105,2.005574719990727
305.99786,0.43620792,1229.9347,27.047836,2003,Gombe,Maize,yield,1.0898180410375533,0.258819045102566,-0.9659258262890562,15,33267.0720563092,133.47869003505122,1.0664947504144409,1.0388653527353104,1.0030706243602865,1.0361435758366793,1.0361435758366793,0.03179954392043631,0.023323290623112447,0.021869109636075468,1.679680348292201
305.37308,0.4265949,1194.7395,27.10436,2004,Gombe,Maize,yield,1.0452830188679243,-1.8628248921044712e-14,-1.0,15,32382.649514219996,130.270598525292,1.0898180410375533,1.0664947504144409,1.0388653527353104,1.065059381395768,1.0495621921368978,0.02550665255323029,-0.04453502216962901,-0.04086464023593317,1.6656872467637374
305.5993,0.42260066,1155.0626,27.43251,2005,Gombe,Maize,yield,1.0484258591684692,-0.25881904510249215,-0.965925826289076,15,31686.266325126,129.146465875538,1.0452830188679243,1.0898180410375533,1.0664947504144409,1.0671986034399727,1.048706357483103,0.022275852547624403,0.0031428403005449024,0.00300668837416751,1.679680348292201
305.8544,0.42724425,1304.5823,27.389,2006,Gombe,Maize,yield,1.130925937678492,-0.4999999999999325,-0.8660254037844776,15,35731.2046147,130.6745337372,1.0484258591684692,1.0452830188679243,1.0898180410375533,1.0611756396913157,1.0577774044447397,0.024854772729757574,0.08250007851002272,0.07868947316451669,1.6809985778996144
305.77606,0.42522404,1255.792,27.021614,2007,Gombe,Maize,yield,1.2928017044589863,-0.7071067811865387,-0.7071067811865563,15,33933.526688287995,130.0233315684824,1.130925937678492,1.0484258591684692,1.0452830188679243,1.0748782719049617,1.0761895214333759,0.048564132755406025,0.16187576678049442,0.14313560365657985,1.6656872467637374
305.84323,0.4233107,1277.7548,26.675346,2008,Gombe,Maize,yield,1.2663606751554637,-0.8660254037844651,-0.49999999999995415,15,34084.5513931608,129.466711781561,1.2928017044589863,1.130925937678492,1.0484258591684692,1.1573845004353158,1.121450912242285,0.12431785912623897,-0.026441029303522656,-0.02045250188975245,1.6809985778996144
306.06,0.42762327,1271.8428,27.365923,2009,Gombe,Maize,yield,1.334400668244466,-0.9659258262890695,-0.25881904510251624,15,34805.1521329044,130.8783780162,1.2663606751554637,1.2928017044589863,1.130925937678492,1.2300294390976474,1.1567594390658669,0.08683841317533414,0.06803999308900233,0.0537287633956649,1.668663420135935
306.0535,0.4254658,1287.4465,27.45352,2010,Gombe,Maize,yield,1.3370479394449115,-1.0,-4.3605472797921425e-14,15,35344.93823668,130.2152972203,1.334400668244466,1.2663606751554637,1.2928017044589863,1.2978543492863053,1.2145829689411756,0.03430024897433584,0.0026472712004455,0.0019838653138029017,1.668663420135935
306.34503,0.42302173,1220.7533,27.04393,2011,Gombe,Maize,yield,2.0567375886524824,-0.9659258262890921,0.25881904510243203,15,33013.966792469,129.5906045675019,1.3370479394449115,1.334400668244466,1.2663606751554637,1.3126030942816138,1.272307384996464,0.040068978102534236,0.7196896492075708,0.5382676476853605,1.679680348292201
305.59457,0.42084876,1304.7032,26.770334,2012,Gombe,Maize,yield,2.100702106318957,-0.8660254037844518,0.4999999999999771,15,34927.3404348688,128.6090958472332,2.0567375886524824,1.3370479394449115,1.334400668244466,1.5760620654472868,1.457469715191262,0.41627931844813554,0.04396451766647447,0.02137585169301004,1.6656872467637374
306.6914,0.4259423,1048.5135,27.119905,2013,Gombe,Maize,yield,1.461392968402314,-0.7071067811865199,0.707106781186575,15,28435.5865112175,130.63284030622,2.100702106318957,2.0567375886524824,1.3370479394449115,1.8314958781387836,1.6190497955632561,0.4287683439368823,-0.6393091379166429,-0.3043311738459191,1.679680348292201
306.36066,0.4242326,1159.8105,27.012936,2014,Gombe,Maize,yield,1.983833718244804,-0.5000000000000081,0.866025403784434,15,31329.886808628,129.968179329516,1.461392968402314,2.100702106318957,2.0567375886524824,1.8729442211245846,1.6580562542126258,0.3570910877022345,0.5224407498424901,0.3574950483124706,1.679680348292201
306.16895,0.4036002,1114.3763,27.112036,2015,Gombe,Maize,yield,1.6344738236852954,-0.25881904510257636,0.9659258262890534,15,30213.010363146797,123.56984945379,1.983833718244804,1.461392968402314,2.100702106318957,1.8486429309886916,1.7879428642126936,0.34042099696570827,-0.34935989455950867,-0.1761034160003111,1.679680348292201
306.33463,0.4153306,1207.252,27.302628,2016,Gombe,Maize,yield,1.7333333333333334,7.847643204728474e-15,1.0,15,32961.152258256,127.230145678678,1.6344738236852954,1.983833718244804,1.461392968402314,1.693233503444138,1.8474280410607704,0.2661308122860219,0.09885950964803802,0.06048399687743955,1.6656872467637374
306.3891,0.41154227,1127.9817,27.362865,2017,Gombe,Maize,yield,1.904037822642474,0.2588190451024817,0.9659258262890787,15,30864.810979570502,126.09206571725699,1.7333333333333334,1.6344738236852954,1.983833718244804,1.7838802917544776,1.7827471899969407,0.18008145444737,0.1707044893091405,0.09848335921681173,1.6311523222094404
306.11203,0.42416587,1310.2294,27.159376,2018,Gombe,Maize,yield,1.8726663350003927,0.5000000000000216,0.8660254037844262,15,35585.0129208544,129.8422755224161,1.904037822642474,1.7333333333333334,1.6344738236852954,1.7572816598870344,1.743414333261644,0.13636835828735794,-0.0313714876420812,-0.01647629436191711,1.668663420135935
306.68036,0.43271995,1364.0745,27.172945,2019,Gombe,Maize,yield,1.828542816931904,0.707106781186531,0.707106781186564,15,37065.92136440249,132.706710045182,1.8726663350003927,1.904037822642474,1.7333333333333334,1.8366791636587336,1.82566900658126,0.09086425613768548,-0.04412351806848869,-0.023561868574136224,1.6311523222094404
306.6339,0.42668813,1212.3434,27.295088,2020,Gombe,Maize,yield,1.7867021276595745,0.8660254037844028,0.500000000000062,15,33091.0197892192,130.83704538560698,1.828542816931904,1.8726663350003927,1.904037822642474,1.86841565819159,1.7946108263186797,0.0379265759304776,-0.041840689272329534,-0.02288198498000371,1.6656872467637374
307.29343,0.41908243,1246.6871,27.533175,2021,Gombe,Maize,yield,1.7272969303266683,0.9659258262890668,0.2588190451025267,15,34325.254094542506,128.7812773674349,1.7867021276595745,1.828542816931904,1.8726663350003927,1.8293037598639572,1.8250564871135357,0.04298715519249914,-0.05940519733290617,-0.03324851770939674,1.6311523222094404
306.03842,0.40504837,1209.5397,26.918283,2022,Gombe,Maize,yield,1.7657004369400149,1.0,5.438607851423766e-14,15,32558.7319443351,123.96036317837539,1.7272969303266683,1.7867021276595745,1.828542816931904,1.7808472916393825,1.8238492065122027,0.050876239220665226,0.03840350661334657,0.02223329755242709,1.6311523222094404
306.0498,0.43218267,1280.7062,27.581543,2023,Gombe,Maize,yield,1.8014439124727888,0.9659258262890654,-0.2588190451025314,15,35323.8531256666,132.269419716966,1.7657004369400149,1.7272969303266683,1.7867021276595745,1.759899831642086,1.796181729371711,0.03012440263155314,0.035743475532773905,0.020243227438238476,1.6809985778996144
305.99786,0.43620792,1229.9347,27.047836,2003,Imo,Maize,yield,2.07132667617689,0.258819045102566,-0.9659258262890562,16,33267.0720563092,133.47869003505122,2.2055800293685754,2.307219662058372,2.142203234665853,2.2183343086976,2.2183343086976,0.08324427342616264,-0.1342533531916854,-0.06086986253231541,1.9077296691350272
305.37308,0.4265949,1194.7395,27.10436,2004,Imo,Maize,yield,2.2057566258193217,-1.8628248921044712e-14,-1.0,16,32382.649514219996,130.270598525292,2.07132667617689,2.2055800293685754,2.307219662058372,2.194708789201279,2.1815824005674225,0.11832165099465743,0.1344299496424317,0.06490040957255139,1.9077296691350272
305.5993,0.42260066,1155.0626,27.43251,2005,Imo,Maize,yield,2.3981613567918845,-0.25881904510249215,-0.965925826289076,16,31686.266325126,129.146465875538,2.2057566258193217,2.07132667617689,2.2055800293685754,2.1608877771215957,2.1864172456178026,0.07756223886916475,0.19240473097256272,0.08722844973936983,1.9077296691350272
305.8544,0.42724425,1304.5823,27.389,2006,Imo,Maize,yield,2.3218109513612726,-0.4999999999999325,-0.8660254037844776,16,35731.2046147,130.6745337372,2.3981613567918845,2.2057566258193217,2.07132667617689,2.2250815529293653,2.237608870043009,0.16427208137426388,-0.07635040543061189,-0.031837059343141516,1.911191102369573
305.77606,0.42522404,1255.792,27.021614,2007,Imo,Maize,yield,2.155943757988922,-0.7071067811865387,-0.7071067811865563,16,33933.526688287995,130.0233315684824,2.3218109513612726,2.3981613567918845,2.2057566258193217,2.3085763113241593,2.2405271279035888,0.09688272239073507,-0.16586719337235056,-0.07143871609146424,1.9077296691350272
306.06,0.42762327,1271.8428,27.365923,2009,Imo,Maize,yield,1.3080230326295583,-0.9659258262890695,-0.25881904510251624,16,34805.1521329044,130.8783780162,2.155943757988922,2.3218109513612726,2.3981613567918845,2.2919720220473594,2.230599873627658,0.1238350215787881,-0.8479207253593637,-0.39329445502340443,1.9077296691350272
306.0535,0.4254658,1287.4465,27.45352,2010,Imo,Maize,yield,1.4028842192006592,-1.0,-4.3605472797921425e-14,16,35344.93823668,130.2152972203,1.3080230326295583,2.155943757988922,2.3218109513612726,1.9285925806599176,2.077939144918192,0.543790312911381,0.09486118657110088,0.07252256589121253,1.9372685853901288
306.34503,0.42302173,1220.7533,27.04393,2011,Imo,Maize,yield,1.4168261299901024,-0.9659258262890921,0.25881904510243203,16,33013.966792469,129.5906045675019,1.4028842192006592,1.3080230326295583,2.155943757988922,1.6222836699397132,1.9173646635944592,0.4645906567742561,0.01394191078944318,0.009938033801098145,1.9077296691350272
305.59457,0.42084876,1304.7032,26.770334,2012,Imo,Maize,yield,1.2959324577861164,-0.8660254037844518,0.4999999999999771,16,34927.3404348688,128.6090958472332,1.4168261299901024,1.4028842192006592,1.3080230326295583,1.3759111272734401,1.721097618234103,0.059204638879866135,-0.12089367220398595,-0.08532710517191722,1.9372685853901288
306.6914,0.4259423,1048.5135,27.119905,2013,Imo,Maize,yield,1.2761214823070492,-0.7071067811865199,0.707106781186575,16,28435.5865112175,130.63284030622,1.2959324577861164,1.4168261299901024,1.4028842192006592,1.3718809356589594,1.5159219195190716,0.06614168645804372,-0.019810975479067183,-0.0152870432097294,1.895545441623881
306.36066,0.4242326,1159.8105,27.012936,2014,Imo,Maize,yield,1.1197916666666667,-0.5000000000000081,0.866025403784434,16,31329.886808628,129.968179329516,1.2761214823070492,1.2959324577861164,1.4168261299901024,1.329626690027756,1.3399574643826972,0.0761638065925397,-0.1563298156403825,-0.122503866448326,1.911191102369573
306.16895,0.4036002,1114.3763,27.112036,2015,Imo,Maize,yield,1.1404255319148937,-0.25881904510257636,0.9659258262890534,16,30213.010363146797,123.56984945379,1.1197916666666667,1.2761214823070492,1.2959324577861164,1.2306152022532775,1.3023111911901188,0.09648580578143627,0.020633865248226968,0.01842652152399804,1.9077296691350272
306.33463,0.4153306,1207.252,27.302628,2016,Imo,Maize,yield,1.672381599049397,7.847643204728474e-15,1.0,16,32961.152258256,127.230145678678,1.1404255319148937,1.1197916666666667,1.2761214823070492,1.1787795602962035,1.2498194537329657,0.08492953805562599,0.5319560671345034,0.46645401409182186,1.9372685853901288
306.3891,0.41154227,1127.9817,27.362865,2017,Imo,Maize,yield,2.737885462555066,0.2588190451024817,0.9659258262890787,16,30864.810979570502,126.09206571725699,1.672381599049397,1.1404255319148937,1.1197916666666667,1.3108662658769858,1.3009305475448245,0.31325140253131784,1.065503863505669,0.6371176674697419,1.9077296691350272
306.11203,0.42416587,1310.2294,27.159376,2018,Imo,Maize,yield,2.6642197986577183,0.5000000000000216,0.8660254037844262,16,35585.0129208544,129.8422755224161,2.737885462555066,1.672381599049397,1.1404255319148937,1.8502308645064522,1.5893211484986147,0.8134447297868095,-0.07366566389734786,-0.026906042968138366,1.9372685853901288
306.68036,0.43271995,1364.0745,27.172945,2019,Imo,Maize,yield,2.5401271354787447,0.707106781186531,0.707106781186564,16,37065.92136440249,132.706710045182,2.6642197986577183,2.737885462555066,1.672381599049397,2.3581622867540606,1.8669408117687483,0.5950445539880774,-0.1240926631789736,-0.04657748705324305,1.895545441623881
306.6339,0.42668813,1212.3434,27.295088,2020,Imo,Maize,yield,2.41936090225564,0.8660254037844028,0.500000000000062,16,33091.0197892192,130.83704538560698,2.5401271354787447,2.6642197986577183,2.737885462555066,2.6474107988971767,2.151007905531164,0.09994496403881153,-0.12076623322310454,-0.04754338140651504,1.8771944818657293
307.29343,0.41908243,1246.6871,27.533175,2021,Imo,Maize,yield,2.4235949003411745,0.9659258262890668,0.2588190451025267,16,34325.254094542506,128.7812773674349,2.41936090225564,2.5401271354787447,2.6642197986577183,2.5412359454640345,2.406794979599313,0.12243321396377188,0.004233998085534374,0.0017500481559353798,1.8771944818657293
306.03842,0.40504837,1209.5397,26.918283,2022,Imo,Maize,yield,2.360638912830828,1.0,5.438607851423766e-14,16,32558.7319443351,123.96036317837539,2.4235949003411745,2.41936090225564,2.5401271354787447,2.4610276460251863,2.557037639857669,0.0685348714801976,-0.06295598751034648,-0.025976283207017836,1.911191102369573
306.0498,0.43218267,1280.7062,27.581543,2023,Imo,Maize,yield,2.408425753206659,0.9659258262890654,-0.2588190451025314,16,35323.8531256666,132.269419716966,2.360638912830828,2.4235949003411745,2.41936090225564,2.4011982384758808,2.481588329912821,0.03518914402955738,0.04778684037583103,0.02024318082536647,1.895545441623881
305.99786,0.43620792,1229.9347,27.047836,2003,Jigawa,Maize,yield,0.65625,0.258819045102566,-0.9659258262890562,17,33267.0720563092,133.47869003505122,0.631578947368421,0.6140350877192983,0.5967741935483871,0.6141294095453688,0.6141294095453688,0.01740256861998959,0.024671052631578982,0.0390625,1.6997795116545746
305.37308,0.4265949,1194.7395,27.10436,2004,Jigawa,Maize,yield,1.156862745098039,-1.8628248921044712e-14,-1.0,17,32382.649514219996,130.270598525292,0.65625,0.631578947368421,0.6140350877192983,0.633954678362573,0.6246595571590265,0.02120749344062777,0.5006127450980391,0.7628384687208214,1.7065004184013517
305.5993,0.42260066,1155.0626,27.43251,2005,Jigawa,Maize,yield,1.2304866850321396,-0.25881904510249215,-0.965925826289076,17,31686.266325126,129.146465875538,1.156862745098039,0.65625,0.631578947368421,0.8148972308221533,0.7311001947468292,0.29640761617233424,0.07362393993410055,0.06364103282439193,1.7065004184013517
305.8544,0.42724425,1304.5823,27.389,2006,Jigawa,Maize,yield,1.336322869955157,-0.4999999999999325,-0.8660254037844776,17,35731.2046147,130.6745337372,1.2304866850321396,1.156862745098039,0.65625,1.0145331433767264,0.8578426930435796,0.3124583640323715,0.10583618492301738,0.08601164580684029,1.7065004184013517
305.77606,0.42522404,1255.792,27.021614,2007,Jigawa,Maize,yield,1.4126807563959956,-0.7071067811865387,-0.7071067811865563,17,33933.526688287995,130.0233315684824,1.336322869955157,1.2304866850321396,1.156862745098039,1.2412241000284452,1.0023002494907514,0.09021060449878075,0.07635788644083852,0.057140297571499854,1.6950412252132494
305.84323,0.4233107,1277.7548,26.675346,2008,Jigawa,Maize,yield,2.0234584450402147,-0.8660254037844651,-0.49999999999995415,17,34084.5513931608,129.466711781561,1.4126807563959956,1.336322869955157,1.2304866850321396,1.3264967704610975,1.1585206112962663,0.09149362864967725,0.6107776886442191,0.43235365518988433,1.7065004184013517
306.06,0.42762327,1271.8428,27.365923,2009,Jigawa,Maize,yield,1.483,-0.9659258262890695,-0.25881904510251624,17,34805.1521329044,130.8783780162,2.0234584450402147,1.4126807563959956,1.336322869955157,1.590820690463789,1.4319623003043092,0.3766154560279316,-0.5404584450402146,-0.267096389532958,1.6997795116545746
306.0535,0.4254658,1287.4465,27.45352,2010,Jigawa,Maize,yield,1.7867853097239612,-1.0,-4.3605472797921425e-14,17,35344.93823668,130.2152972203,1.483,2.0234584450402147,1.4126807563959956,1.6397130671454034,1.4971897512847014,0.3341879490600817,0.3037853097239611,0.20484511781791048,1.6594604403234083
306.34503,0.42302173,1220.7533,27.04393,2011,Jigawa,Maize,yield,1.3912240184757505,-0.9659258262890921,0.25881904510243203,17,33013.966792469,129.5906045675019,1.7867853097239612,1.483,2.0234584450402147,1.764414584921392,1.6084494762230654,0.2709228113318742,-0.3955612912482107,-0.22138154432740476,1.7065004184013517
305.59457,0.42084876,1304.7032,26.770334,2012,Jigawa,Maize,yield,1.9753799392097264,-0.8660254037844518,0.4999999999999771,17,34927.3404348688,128.6090958472332,1.3912240184757505,1.7867853097239612,1.483,1.5536697760665705,1.6194297059271843,0.20703344348308225,0.5841559207339759,0.4198863108861415,1.6997795116545746
306.6914,0.4259423,1048.5135,27.119905,2013,Jigawa,Maize,yield,1.2589960827184112,-0.7071067811865199,0.707106781186575,17,28435.5865112175,130.63284030622,1.9753799392097264,1.3912240184757505,1.7867853097239612,1.7177964224698128,1.7319695424899304,0.29812603854001823,-0.7163838564913152,-0.36265623755292,1.6950412252132494
306.36066,0.4242326,1159.8105,27.012936,2014,Jigawa,Maize,yield,1.6929625425652668,-0.5000000000000081,0.866025403784434,17,31329.886808628,129.968179329516,1.2589960827184112,1.9753799392097264,1.3912240184757505,1.5418666801346295,1.5790770700255699,0.38121039609918317,0.43396645984685556,0.34469246235448137,1.6950412252132494
306.16895,0.4036002,1114.3763,27.112036,2015,Jigawa,Maize,yield,1.6595959595959595,-0.25881904510257636,0.9659258262890534,17,30213.010363146797,123.56984945379,1.6929625425652668,1.2589960827184112,1.9753799392097264,1.6424461881644683,1.621069578538623,0.36085368781100596,-0.03336658296930728,-0.019708990677814064,1.6997795116545746
306.33463,0.4153306,1207.252,27.302628,2016,Jigawa,Maize,yield,1.7333012396196894,7.847643204728474e-15,1.0,17,32961.152258256,127.230145678678,1.6595959595959595,1.6929625425652668,1.2589960827184112,1.537184861626546,1.595631708513023,0.24149550668192848,0.07370528002372989,0.04441158078118845,1.6594604403234083
306.3891,0.41154227,1127.9817,27.362865,2017,Jigawa,Maize,yield,1.8246402877697845,0.2588190451024817,0.9659258262890787,17,30864.810979570502,126.09206571725699,1.7333012396196894,1.6595959595959595,1.6929625425652668,1.6952865805936386,1.6640471527418108,0.03690755939387515,0.09133904815009508,0.05269658041099423,1.6997795116545746
306.11203,0.42416587,1310.2294,27.159376,2018,Jigawa,Maize,yield,1.8578012589928057,0.5000000000000216,0.8660254037844262,17,35585.0129208544,129.8422755224161,1.8246402877697845,1.7333012396196894,1.6595959595959595,1.7391791623284778,1.6338992224538225,0.08267901817943615,0.033160971223021196,0.01817397732873305,1.668728169611223
306.68036,0.43271995,1364.0745,27.172945,2019,Jigawa,Maize,yield,1.8514500899280573,0.707106781186531,0.707106781186564,17,37065.92136440249,132.706710045182,1.8578012589928057,1.8246402877697845,1.7333012396196894,1.8052475954607596,1.7536602577087013,0.06447574033868374,-0.006351169064748419,-0.0034186482725239165,1.7065004184013517
306.6339,0.42668813,1212.3434,27.295088,2020,Jigawa,Maize,yield,1.7888938848920863,0.8660254037844028,0.500000000000062,17,33091.0197892192,130.83704538560698,1.8514500899280573,1.8578012589928057,1.8246402877697845,1.8446305455635492,1.785357767181259,0.017600913104681877,-0.06255620503597092,-0.033787681005433834,1.6950412252132494
307.29343,0.41908243,1246.6871,27.533175,2021,Jigawa,Maize,yield,1.826292369389661,0.9659258262890668,0.2588190451025267,17,34325.254094542506,128.7812773674349,1.7888938848920863,1.8514500899280573,1.8578012589928057,1.8327150779376495,1.8112173522404844,0.038082897172813414,0.03739848449757477,0.020905926736862313,1.6997795116545746
306.03842,0.40504837,1209.5397,26.918283,2022,Jigawa,Maize,yield,1.9346674689304124,1.0,5.438607851423766e-14,17,32558.7319443351,123.96036317837539,1.826292369389661,1.7888938848920863,1.8514500899280573,1.8222121147366017,1.829815578194479,0.03147707190402858,0.10837509954075131,0.059341593579000707,1.6594604403234083
306.0498,0.43218267,1280.7062,27.581543,2023,Jigawa,Maize,yield,1.9738314521677,0.9659258262890654,-0.2588190451025314,17,35323.8531256666,132.269419716966,1.9346674689304124,1.826292369389661,1.7888938848920863,1.8499512410707197,1.8518210144266045,0.07571189541783238,0.03916398323728765,0.020243263437380143,1.7065004184013517
305.99786,0.43620792,1229.9347,27.047836,2003,Kaduna,Maize,yield,1.7298814722395508,0.258819045102566,-0.9659258262890562,18,33267.0720563092,133.47869003505122,1.729173166926677,1.724072731856427,1.7159411212026308,1.723062339995245,1.723062339995245,0.006673636736867739,0.0007083053128738026,0.0004096208097728038,2.0468630585586864
305.37308,0.4265949,1194.7395,27.10436,2004,Kaduna,Maize,yield,1.8981850376272689,-1.8628248921044712e-14,-1.0,18,32382.649514219996,130.270598525292,1.7298814722395508,1.729173166926677,1.724072731856427,1.7277091236742184,1.7247671230563215,0.0031690587235703076,0.16830356538771807,0.09729196369149373,2.120536175379546
305.5993,0.42260066,1155.0626,27.43251,2005,Kaduna,Maize,yield,2.060049048786876,-0.25881904510249215,-0.965925826289076,18,31686.266325126,129.146465875538,1.8981850376272689,1.7298814722395508,1.729173166926677,1.7857465589311656,1.759450705970511,0.09737522294056451,0.16186401115960725,0.08527304132685476,2.120536175379546
305.8544,0.42724425,1304.5823,27.389,2006,Kaduna,Maize,yield,2.138245796580509,-0.4999999999999325,-0.8660254037844776,18,35731.2046147,130.6745337372,2.060049048786876,1.8981850376272689,1.7298814722395508,1.896038519551232,1.82827229148736,0.16509425430847552,0.07819674779363295,0.03795868250791479,2.1120857015688292
305.77606,0.42522404,1255.792,27.021614,2007,Kaduna,Maize,yield,2.194390825479732,-0.7071067811865387,-0.7071067811865563,18,33933.526688287995,130.0233315684824,2.138245796580509,2.060049048786876,1.8981850376272689,2.032159960998218,1.9111069044321762,0.12243628102226914,0.056145028899222904,0.026257518658056256,2.120536175379546
305.84323,0.4233107,1277.7548,26.675346,2008,Kaduna,Maize,yield,2.231339031339032,-0.8660254037844651,-0.49999999999995415,18,34084.5513931608,129.466711781561,2.194390825479732,2.138245796580509,2.060049048786876,2.1308952236157057,2.0041504361427873,0.06747185660282011,0.03694820585930003,0.016837568508892398,2.137408007585868
306.06,0.42762327,1271.8428,27.365923,2009,Kaduna,Maize,yield,2.2543056391061205,-0.9659258262890695,-0.25881904510251624,18,34805.1521329044,130.8783780162,2.231339031339032,2.194390825479732,2.138245796580509,2.1879918844664243,2.1044419479626835,0.046875339188322464,0.022966607767088476,0.01029274684148107,2.0468630585586864
306.0535,0.4254658,1287.4465,27.45352,2010,Kaduna,Maize,yield,1.907414228052472,-1.0,-4.3605472797921425e-14,18,35344.93823668,130.2152972203,2.2543056391061205,2.231339031339032,2.194390825479732,2.226678498641628,2.1756660682584537,0.030228077126058923,-0.3468914110536485,-0.15387949399407896,2.0468630585586864
306.34503,0.42302173,1220.7533,27.04393,2011,Kaduna,Maize,yield,1.9422379032258064,-0.9659258262890921,0.25881904510243203,18,33013.966792469,129.5906045675019,1.907414228052472,2.2543056391061205,2.231339031339032,2.1310196328325417,2.145139104111573,0.1939881415273261,0.0348236751733344,0.018257007136247783,2.137408007585868
305.59457,0.42084876,1304.7032,26.770334,2012,Kaduna,Maize,yield,1.958028656126482,-0.8660254037844518,0.4999999999999771,18,34927.3404348688,128.6090958472332,1.9422379032258064,1.907414228052472,2.2543056391061205,2.0346525901281325,2.1059375254406327,0.1910203353890341,0.015790752900675553,0.008130184708293964,2.1120857015688292
306.6914,0.4259423,1048.5135,27.119905,2013,Kaduna,Maize,yield,2.1150159744408947,-0.7071067811865199,0.707106781186575,18,28435.5865112175,130.63284030622,1.958028656126482,1.9422379032258064,1.907414228052472,1.9358935958015866,2.0586650915699827,0.025896771224118955,0.15698731831441282,0.08017621081449167,2.1120857015688292
306.36066,0.4242326,1159.8105,27.012936,2014,Kaduna,Maize,yield,2.453146468810113,-0.5000000000000081,0.866025403784434,18,31329.886808628,129.968179329516,2.1150159744408947,1.958028656126482,1.9422379032258064,2.0050941779310607,2.035400480190355,0.09552192408161804,0.33813049436921805,0.15987136667305935,2.1120857015688292
306.16895,0.4036002,1114.3763,27.112036,2015,Kaduna,Maize,yield,2.3186342943854323,-0.25881904510257636,0.9659258262890534,18,30213.010363146797,123.56984945379,2.453146468810113,2.1150159744408947,1.958028656126482,2.1753970331258294,2.0751686461311536,0.2530213751742943,-0.13451217442468044,-0.054832508427401394,2.120536175379546
306.33463,0.4153306,1207.252,27.302628,2016,Kaduna,Maize,yield,2.519364134393109,7.847643204728474e-15,1.0,18,32961.152258256,127.230145678678,2.3186342943854323,2.453146468810113,2.1150159744408947,2.2955989125454797,2.1574126593977456,0.17023815500050932,0.20072984000767669,0.0865724450353138,2.0468630585586864
306.3891,0.41154227,1127.9817,27.362865,2017,Kaduna,Maize,yield,2.553209388407504,0.2588190451024817,0.9659258262890787,18,30864.810979570502,126.09206571725699,2.519364134393109,2.3186342943854323,2.453146468810113,2.430381632529551,2.2728379056312056,0.10228291888452234,0.0338452540143952,0.013434046135831101,2.120536175379546
306.11203,0.42416587,1310.2294,27.159376,2018,Kaduna,Maize,yield,2.6037536787161977,0.5000000000000216,0.8660254037844262,18,35585.0129208544,129.8422755224161,2.553209388407504,2.519364134393109,2.3186342943854323,2.463735939062015,2.3918740520874104,0.12679605976019945,0.05054429030869345,0.019796374922551596,2.0468630585586864
306.68036,0.43271995,1364.0745,27.172945,2019,Kaduna,Maize,yield,2.5797440178074567,0.707106781186531,0.707106781186564,18,37065.92136440249,132.706710045182,2.6037536787161977,2.553209388407504,2.519364134393109,2.5587757338389365,2.489621592942471,0.04246924709553432,-0.024009660908741015,-0.009221172150423729,2.1120857015688292
306.6339,0.42668813,1212.3434,27.295088,2020,Kaduna,Maize,yield,2.5561070831009483,0.8660254037844028,0.500000000000062,18,33091.0197892192,130.83704538560698,2.5797440178074567,2.6037536787161977,2.553209388407504,2.578902361643719,2.51494110274194,0.025282654321218588,-0.023636934706508406,-0.009162511684627339,2.0468630585586864
307.29343,0.41908243,1246.6871,27.533175,2021,Kaduna,Maize,yield,2.570860962004,0.9659258262890668,0.2588190451025267,18,34325.254094542506,128.7812773674349,2.5561070831009483,2.5797440178074567,2.6037536787161977,2.5798682598748672,2.562435660485043,0.023823540784267513,0.014753878903051909,0.005772011274720601,2.1195849397517006
306.03842,0.40504837,1209.5397,26.918283,2022,Kaduna,Maize,yield,2.727261976453722,1.0,5.438607851423766e-14,18,32558.7319443351,123.96036317837539,2.570860962004,2.5561070831009483,2.5797440178074567,2.5689040209708014,2.5727350260072215,0.01193936280694589,0.15640101444972165,0.06083604549652755,2.0468630585586864
306.0498,0.43218267,1280.7062,27.581543,2023,Kaduna,Maize,yield,2.782470595643112,0.9659258262890654,-0.2588190451025314,18,35323.8531256666,132.269419716966,2.727261976453722,2.570860962004,2.5561070831009483,2.61807667385289,2.607545543616465,0.09484456739159242,0.05520861918939035,0.02024324016762713,2.0468630585586864
305.99786,0.43620792,1229.9347,27.047836,2003,Kano,Maize,yield,1.441340782122905,0.258819045102566,-0.9659258262890562,19,33267.0720563092,133.47869003505122,1.493947935665727,1.493947935665727,1.4910110506349992,1.492968973988818,1.492968973988818,0.001695611363069731,-0.05260715354282208,-0.03521351198854161,2.1828240312994187
305.37308,0.4265949,1194.7395,27.10436,2004,Kano,Maize,yield,1.441340782122905,-1.8628248921044712e-14,-1.0,19,32382.649514219996,130.270598525292,1.441340782122905,1.493947935665727,1.493947935665727,1.4764122178181196,1.4800619260223395,0.03037275425924827,0.0,0.0,2.1828240312994187
305.5993,0.42260066,1155.0626,27.43251,2005,Kano,Maize,yield,1.5208525194053415,-0.25881904510249215,-0.965925826289076,19,31686.266325126,129.146465875538,1.441340782122905,1.441340782122905,1.493947935665727,1.4588764999705124,1.4723176972424525,0.03037275425924827,0.07951173728243655,0.05516512005254315,2.1722833409758078
305.8544,0.42724425,1304.5823,27.389,2006,Kano,Maize,yield,1.6527402310149917,-0.4999999999999325,-0.8660254037844776,19,35731.2046147,130.6745337372,1.5208525194053415,1.441340782122905,1.441340782122905,1.4678446945503838,1.4782859909965211,0.04590612292374954,0.13188771160965018,0.0867195930748228,2.1828240312994187
305.77606,0.42522404,1255.792,27.021614,2007,Kano,Maize,yield,1.7773563763306468,-0.7071067811865387,-0.7071067811865563,19,33933.526688287995,130.0233315684824,1.6527402310149917,1.5208525194053415,1.441340782122905,1.538311177514413,1.510044450066374,0.10677563067103175,0.12461614531565512,0.07539971677165802,2.130110087031379
305.84323,0.4233107,1277.7548,26.675346,2008,Kano,Maize,yield,2.4809952543575644,-0.8660254037844651,-0.49999999999995415,19,34084.5513931608,129.466711781561,1.7773563763306468,1.6527402310149917,1.5208525194053415,1.65031637558366,1.566726138199358,0.12826910563636656,0.7036388780269176,0.39589071015660937,2.1828240312994187
306.06,0.42762327,1271.8428,27.365923,2009,Kano,Maize,yield,2.480401899083582,-0.9659258262890695,-0.25881904510251624,19,34805.1521329044,130.8783780162,2.4809952543575644,1.7773563763306468,1.6527402310149917,1.9703639539010676,1.7746570326462898,0.4465876618008529,-0.000593355273982521,-0.0002391601809557109,2.112423992393471
306.0535,0.4254658,1287.4465,27.45352,2010,Kano,Maize,yield,2.538042963944355,-1.0,-4.3605472797921425e-14,19,35344.93823668,130.2152972203,2.480401899083582,2.4809952543575644,1.7773563763306468,2.2462511765905977,1.982469256038425,0.4060749171036482,0.05764106486077303,0.023238598906922814,2.1149937802211265
306.34503,0.42302173,1220.7533,27.04393,2011,Kano,Maize,yield,2.591563981042654,-0.9659258262890921,0.25881904510243203,19,33013.966792469,129.5906045675019,2.538042963944355,2.480401899083582,2.4809952543575644,2.499813372461834,2.185907344946228,0.0331091266316516,0.05352101709829915,0.021087514222029702,2.130110087031379
305.59457,0.42084876,1304.7032,26.770334,2012,Kano,Maize,yield,2.5515068493150683,-0.8660254037844518,0.4999999999999771,19,34927.3404348688,128.6090958472332,2.591563981042654,2.538042963944355,2.480401899083582,2.536669614690197,2.3736720949517602,0.0555937647807686,-0.04005713172758574,-0.015456740416445292,2.1149937802211265
306.6914,0.4259423,1048.5135,27.119905,2013,Kano,Maize,yield,2.35132008709853,-0.7071067811865199,0.707106781186575,19,28435.5865112175,130.63284030622,2.5515068493150683,2.591563981042654,2.538042963944355,2.5603712647673587,2.528502189548645,0.027839867345092768,-0.2001867622165383,-0.07845824998285889,2.1149937802211265
306.36066,0.4242326,1159.8105,27.012936,2014,Kano,Maize,yield,2.215702479338843,-0.5000000000000081,0.866025403784434,19,31329.886808628,129.968179329516,2.35132008709853,2.5515068493150683,2.591563981042654,2.498130305818751,2.502567156096838,0.1287092603159139,-0.1356176077596869,-0.05767722076794557,2.1722833409758078
306.16895,0.4036002,1114.3763,27.112036,2015,Kano,Maize,yield,2.2047887323943662,-0.25881904510257636,0.9659258262890534,19,30213.010363146797,123.56984945379,2.215702479338843,2.35132008709853,2.5515068493150683,2.372843138584147,2.44962727214789,0.1689336409147739,-0.010913746944476888,-0.004925637375164826,2.112423992393471
306.33463,0.4153306,1207.252,27.302628,2016,Kano,Maize,yield,2.3768536161047136,7.847643204728474e-15,1.0,19,32961.152258256,127.230145678678,2.2047887323943662,2.215702479338843,2.35132008709853,2.2572704329439133,2.3829764258378923,0.08163198241525312,0.17206488371034734,0.07804143824859233,2.130110087031379
306.3891,0.41154227,1127.9817,27.362865,2017,Kano,Maize,yield,2.7786561264822134,0.2588190451024817,0.9659258262890787,19,30864.810979570502,126.09206571725699,2.3768536161047136,2.2047887323943662,2.215702479338843,2.265781609279308,2.3400343528503043,0.09634583796542105,0.4018025103774998,0.1690480674346242,2.112423992393471
306.11203,0.42416587,1310.2294,27.159376,2018,Kano,Maize,yield,2.746461347021309,0.5000000000000216,0.8660254037844262,19,35585.0129208544,129.8422755224161,2.7786561264822134,2.3768536161047136,2.2047887323943662,2.4534328249937647,2.385464208283733,0.294498264722984,-0.03219477946090432,-0.011586456904137732,2.112423992393471
306.68036,0.43271995,1364.0745,27.172945,2019,Kano,Maize,yield,2.7309955101408887,0.707106781186531,0.707106781186564,19,37065.92136440249,132.706710045182,2.746461347021309,2.7786561264822134,2.3768536161047136,2.6339903632027455,2.464492460268289,0.22326801380236272,-0.015465836880420358,-0.0056311867986760245,2.1828240312994187
306.6339,0.42668813,1212.3434,27.295088,2020,Kano,Maize,yield,2.700053933276832,0.8660254037844028,0.500000000000062,19,33091.0197892192,130.83704538560698,2.7309955101408887,2.746461347021309,2.7786561264822134,2.7520376612148034,2.567551066428698,0.02431470846005293,-0.030941576864056852,-0.011329779470219847,2.1149937802211265
307.29343,0.41908243,1246.6871,27.533175,2021,Kano,Maize,yield,2.685267353538392,0.9659258262890668,0.2588190451025267,19,34325.254094542506,128.7812773674349,2.700053933276832,2.7309955101408887,2.746461347021309,2.725836930146343,2.6666041066051913,0.023629858723298813,-0.014786579738439887,-0.005476401621538951,2.1722833409758078
306.03842,0.40504837,1209.5397,26.918283,2022,Kano,Maize,yield,2.9277425573604705,1.0,5.438607851423766e-14,19,32558.7319443351,123.96036317837539,2.685267353538392,2.700053933276832,2.7309955101408887,2.7054389323187045,2.728286854091927,0.02333483956611933,0.24247520382207854,0.09029834720277208,2.1828240312994187
306.0498,0.43218267,1280.7062,27.581543,2023,Kano,Maize,yield,2.9870095762799496,0.9659258262890654,-0.2588190451025314,19,35323.8531256666,132.269419716966,2.9277425573604705,2.685267353538392,2.700053933276832,2.771021281391898,2.7581041402675783,0.13592582348841445,0.05926701891947905,0.02024324808562117,2.130110087031379
305.99786,0.43620792,1229.9347,27.047836,2003,Katsina,Maize,yield,1.0778566995379628,0.258819045102566,-0.9659258262890562,20,33267.0720563092,133.47869003505122,1.122657968595919,1.0319757182183948,1.0381273864202314,1.064253691078182,1.064253691078182,0.05067302516816052,-0.04480126905795623,-0.03990642770209707,1.7443652951645146
305.37308,0.4265949,1194.7395,27.10436,2004,Katsina,Maize,yield,1.1659670864148175,-1.8628248921044712e-14,-1.0,20,32382.649514219996,130.270598525292,1.0778566995379628,1.122657968595919,1.0319757182183948,1.0774967954507588,1.067654443193127,0.04534219647962585,0.08811038687685468,0.08174591939227582,1.7443652951645146
305.5993,0.42260066,1155.0626,27.43251,2005,Katsina,Maize,yield,1.164998274076631,-0.25881904510249215,-0.965925826289076,20,31686.266325126,129.146465875538,1.1659670864148175,1.0778566995379628,1.122657968595919,1.1221605848495664,1.0873169718374651,0.044057299189131205,-0.0009688123381865754,-0.0008309088219338179,1.6662034064848534
305.8544,0.42724425,1304.5823,27.389,2006,Katsina,Maize,yield,1.240007322877891,-0.4999999999999325,-0.8660254037844776,20,35731.2046147,130.6745337372,1.164998274076631,1.1659670864148175,1.0778566995379628,1.1362740200098036,1.1126911493687452,0.05059320258363768,0.07500904880126003,0.06438554500066673,1.673018881456686
305.77606,0.42522404,1255.792,27.021614,2007,Katsina,Maize,yield,1.3265832580936412,-0.7071067811865387,-0.7071067811865563,20,33933.526688287995,130.0233315684824,1.240007322877891,1.164998274076631,1.1659670864148175,1.1903242277897796,1.1542974703006443,0.043029549178296274,0.08657593521575024,0.06981889027463084,1.670770760582508
305.84323,0.4233107,1277.7548,26.675346,2008,Katsina,Maize,yield,1.3474054022922306,-0.8660254037844651,-0.49999999999995415,20,34084.5513931608,129.466711781561,1.3265832580936412,1.240007322877891,1.164998274076631,1.243862951682721,1.1950825282001887,0.0808614628241099,0.02082214419858941,0.015696070391022277,1.7443652951645146
306.06,0.42762327,1271.8428,27.365923,2009,Katsina,Maize,yield,1.3529411764705883,-0.9659258262890695,-0.25881904510251624,20,34805.1521329044,130.8783780162,1.3474054022922306,1.3265832580936412,1.240007322877891,1.3046653277545877,1.2489922687510422,0.05695510177528429,0.005535774178357711,0.004108469632777334,1.673018881456686
306.0535,0.4254658,1287.4465,27.45352,2010,Katsina,Maize,yield,0.9630907086726168,-1.0,-4.3605472797921425e-14,20,35344.93823668,130.2152972203,1.3529411764705883,1.3474054022922306,1.3265832580936412,1.34230994561882,1.2863870867621965,0.013898119452807509,-0.3898504677979715,-0.288150345763718,1.7443652951645146
306.34503,0.42302173,1220.7533,27.04393,2011,Katsina,Maize,yield,0.947709923664122,-0.9659258262890921,0.25881904510243203,20,33013.966792469,129.5906045675019,0.9630907086726168,1.3529411764705883,1.3474054022922306,1.2211457624784787,1.2460055736813935,0.2234993720237222,-0.015380785008494824,-0.015970235067155225,1.6662034064848534
305.59457,0.42084876,1304.7032,26.770334,2012,Katsina,Maize,yield,0.9967919972404278,-0.8660254037844518,0.4999999999999771,20,34927.3404348688,128.6090958472332,0.947709923664122,0.9630907086726168,1.3529411764705883,1.087913936269109,1.1875460938386397,0.22964912513109828,0.049082073576305785,0.051790186375320735,1.626533420942633
306.6914,0.4259423,1048.5135,27.119905,2013,Katsina,Maize,yield,1.4859215231954868,-0.7071067811865199,0.707106781186575,20,28435.5865112175,130.63284030622,0.9967919972404278,0.947709923664122,0.9630907086726168,0.9691975431923888,1.121587841667997,0.02510443302539044,0.489129525955059,0.4907037047941709,1.6662034064848534
306.36066,0.4242326,1159.8105,27.012936,2014,Katsina,Maize,yield,2.052184980907934,-0.5000000000000081,0.866025403784434,20,31329.886808628,129.968179329516,1.4859215231954868,0.9967919972404278,0.947709923664122,1.1434744813666788,1.1492910658486484,0.2975814927538565,0.5662634577124472,0.38108570935475305,1.6662034064848534
306.16895,0.4036002,1114.3763,27.112036,2015,Katsina,Maize,yield,2.013625304136253,-0.25881904510257636,0.9659258262890534,20,30213.010363146797,123.56984945379,2.052184980907934,1.4859215231954868,0.9967919972404278,1.5116328337812828,1.2891398267361176,0.5281660639540182,-0.03855967677168115,-0.018789571666498306,1.6662034064848534
306.33463,0.4153306,1207.252,27.302628,2016,Katsina,Maize,yield,1.873247551373152,7.847643204728474e-15,1.0,20,32961.152258256,127.230145678678,2.013625304136253,2.052184980907934,1.4859215231954868,1.8505772694132245,1.4992467458288448,0.3163891150235673,-0.14037775276310094,-0.06971393956698224,1.670770760582508
306.3891,0.41154227,1127.9817,27.362865,2017,Katsina,Maize,yield,1.9153556771545828,0.2588190451024817,0.9659258262890787,20,30864.810979570502,126.09206571725699,1.873247551373152,2.013625304136253,2.052184980907934,1.979685945472446,1.6843542713706507,0.09417303739400316,0.04210812578143086,0.022478676537206255,1.6662034064848534
306.11203,0.42416587,1310.2294,27.159376,2018,Katsina,Maize,yield,2.1707719316912275,0.5000000000000216,0.8660254037844262,20,35585.0129208544,129.8422755224161,1.9153556771545828,1.873247551373152,2.013625304136253,1.9340761775546624,1.8680670073534817,0.0720369434327085,0.25541625453664474,0.13335186648784014,1.626533420942633
306.68036,0.43271995,1364.0745,27.172945,2019,Katsina,Maize,yield,2.0835054275880327,0.707106781186531,0.707106781186564,20,37065.92136440249,132.706710045182,2.1707719316912275,1.9153556771545828,1.873247551373152,1.9864583867396541,2.00503708905263,0.16100275060901492,-0.08726650410319481,-0.04020067830672858,1.6662034064848534
306.6339,0.42668813,1212.3434,27.295088,2020,Katsina,Maize,yield,1.9996310741014016,0.8660254037844028,0.500000000000062,20,33091.0197892192,130.83704538560698,2.0835054275880327,2.1707719316912275,1.9153556771545828,2.0565443454779477,2.0113011783886496,0.12982503892467304,-0.08387435348663108,-0.04025636428685864,1.626533420942633
307.29343,0.41908243,1246.6871,27.533175,2021,Katsina,Maize,yield,1.935580364296779,0.9659258262890668,0.2588190451025267,20,34325.254094542506,128.7812773674349,1.9996310741014016,2.0835054275880327,2.1707719316912275,2.084636144460221,2.008502332381679,0.08557603154289103,-0.06405070980462257,-0.03203126348364327,1.626533420942633
306.03842,0.40504837,1209.5397,26.918283,2022,Katsina,Maize,yield,2.21470568622384,1.0,5.438607851423766e-14,20,32558.7319443351,123.96036317837539,1.935580364296779,1.9996310741014016,2.0835054275880327,2.006238955328738,2.020968894966405,0.07418358415557356,0.27912532192706085,0.14420756021074355,1.673018881456686
306.0498,0.43218267,1280.7062,27.581543,2023,Katsina,Maize,yield,2.259538554521229,0.9659258262890654,-0.2588190451025314,20,35323.8531256666,132.269419716966,2.21470568622384,1.935580364296779,1.9996310741014016,2.049972374874007,2.0808388967802562,0.14621361515888506,0.044832868297389084,0.020243262378501825,1.626533420942633
305.99786,0.43620792,1229.9347,27.047836,2003,Kebbi,Maize,yield,1.0426716141001855,0.258819045102566,-0.9659258262890562,21,33267.0720563092,133.47869003505122,1.0008896797153024,0.99644128113879,0.9412284577993814,0.9795198062178246,0.9795198062178246,0.03323578771822387,0.04178193438488309,0.04174479488765215,1.605266223038653
305.37308,0.4265949,1194.7395,27.10436,2004,Kebbi,Maize,yield,1.0426716141001855,-1.8628248921044712e-14,-1.0,21,32382.649514219996,130.270598525292,1.0426716141001855,1.0008896797153024,0.99644128113879,1.013334191651426,0.9953077581884149,0.025504123772962854,0.0,0.0,1.6541829223040416
305.5993,0.42260066,1155.0626,27.43251,2005,Kebbi,Maize,yield,1.1428571428571428,-0.25881904510249215,-0.965925826289076,21,31686.266325126,129.146465875538,1.0426716141001855,1.0426716141001855,1.0008896797153024,1.0287443026385577,1.004780529370769,0.02412281106437542,0.1001855287569573,0.09608540925266906,1.644831324438476
305.8544,0.42724425,1304.5823,27.389,2006,Kebbi,Maize,yield,1.1806451612903226,-0.4999999999999325,-0.8660254037844776,21,35731.2046147,130.6745337372,1.1428571428571428,1.0426716141001855,1.0426716141001855,1.0760667903525045,1.0451062663823212,0.05784214199673432,0.037788018433179804,0.033064516129032384,1.644831324438476
305.77606,0.42522404,1255.792,27.021614,2007,Kebbi,Maize,yield,1.167929292929293,-0.7071067811865387,-0.7071067811865563,21,33933.526688287995,130.0233315684824,1.1806451612903226,1.1428571428571428,1.0426716141001855,1.122057972749217,1.0819470424126276,0.07129957250181161,-0.012715868361029559,-0.010770271016172561,1.6689819265986505
305.84323,0.4233107,1277.7548,26.675346,2008,Kebbi,Maize,yield,1.213222156045265,-0.8660254037844651,-0.49999999999995415,21,34084.5513931608,129.466711781561,1.167929292929293,1.1806451612903226,1.1428571428571428,1.1638105323589194,1.115354965055426,0.019227759249420277,0.045292863115971915,0.03878048387875643,1.6541829223040416
306.06,0.42762327,1271.8428,27.365923,2009,Kebbi,Maize,yield,2.200094831673779,-0.9659258262890695,-0.25881904510251624,21,34805.1521329044,130.8783780162,1.213222156045265,1.167929292929293,1.1806451612903226,1.1872655367549603,1.1494650734444416,0.023360926582226257,0.9868726756285142,0.8134311351891388,1.644831324438476
306.0535,0.4254658,1287.4465,27.45352,2010,Kebbi,Maize,yield,0.9035575992255568,-1.0,-4.3605472797921425e-14,21,35344.93823668,130.2152972203,2.200094831673779,1.213222156045265,1.167929292929293,1.5270820935494456,1.3809497169591605,0.5832859248434855,-1.2965372324482223,-0.589309703283039,1.644831324438476
306.34503,0.42302173,1220.7533,27.04393,2011,Kebbi,Maize,yield,0.9056422569027612,-0.9659258262890921,0.25881904510243203,21,33013.966792469,129.5906045675019,0.9035575992255568,2.200094831673779,1.213222156045265,1.4389581956482003,1.3330898082328433,0.6771039569097478,0.002084657677204449,0.002307166337808697,1.6689819265986505
305.59457,0.42084876,1304.7032,26.770334,2012,Kebbi,Maize,yield,0.958178550029958,-0.8660254037844518,0.4999999999999771,21,34927.3404348688,128.6090958472332,0.9056422569027612,0.9035575992255568,2.200094831673779,1.3364315626006988,1.278089227355331,0.7479550576130276,0.052536293127196765,0.058009984325231745,1.6689819265986505
306.6914,0.4259423,1048.5135,27.119905,2013,Kebbi,Maize,yield,0.9826760480104062,-0.7071067811865199,0.707106781186575,21,28435.5865112175,130.63284030622,0.958178550029958,0.9056422569027612,0.9035575992255568,0.9224594687194253,1.236139078775464,0.030951187806912753,0.024497497980448202,0.02556673594882941,1.6038562441967004
306.36066,0.4242326,1159.8105,27.012936,2014,Kebbi,Maize,yield,1.681545636242505,-0.5000000000000081,0.866025403784434,21,31329.886808628,129.968179329516,0.9826760480104062,0.958178550029958,0.9056422569027612,0.9488322849810418,1.1900298571684922,0.03935817254239842,0.6988695882320988,0.711190213343531,1.6541829223040416
306.16895,0.4036002,1114.3763,27.112036,2015,Kebbi,Maize,yield,1.7210412147505425,-0.25881904510257636,0.9659258262890534,21,30213.010363146797,123.56984945379,1.681545636242505,0.9826760480104062,0.958178550029958,1.2074667447609564,1.0863200180822374,0.4107470369498797,0.03949557850803753,0.023487663764090394,1.644831324438476
306.33463,0.4153306,1207.252,27.302628,2016,Kebbi,Maize,yield,1.8000248031251938,7.847643204728474e-15,1.0,21,32961.152258256,127.230145678678,1.7210412147505425,1.681545636242505,0.9826760480104062,1.461754299667818,1.2498167411872347,0.41536364018623834,0.07898358837465125,0.04589290930263945,1.6689819265986505
306.3891,0.41154227,1127.9817,27.362865,2017,Kebbi,Maize,yield,1.9461748158459489,0.2588190451024817,0.9659258262890787,21,30864.810979570502,126.09206571725699,1.8000248031251938,1.7210412147505425,1.681545636242505,1.7342038847060806,1.4286932504317211,0.06032636369426716,0.14615001272075512,0.08119333270686613,1.6038562441967004
306.11203,0.42416587,1310.2294,27.159376,2018,Kebbi,Maize,yield,2.056137121822156,0.5000000000000216,0.8660254037844262,21,35585.0129208544,129.8422755224161,1.9461748158459489,1.8000248031251938,1.7210412147505425,1.822413611240562,1.6262925035949194,0.11422446599641722,0.10996230597620715,0.056501761856583066,1.6038562441967004
306.68036,0.43271995,1364.0745,27.172945,2019,Kebbi,Maize,yield,2.029256236349005,0.707106781186531,0.707106781186564,21,37065.92136440249,132.706710045182,2.056137121822156,1.9461748158459489,1.8000248031251938,1.9341122469310996,1.8409847183572694,0.12848155168623615,-0.02688088547315104,-0.013073488722060045,1.6689819265986505
306.6339,0.42668813,1212.3434,27.295088,2020,Kebbi,Maize,yield,1.9855821701418803,0.8660254037844028,0.500000000000062,21,33091.0197892192,130.83704538560698,2.029256236349005,2.056137121822156,1.9461748158459489,2.01052272467237,1.9105268383785692,0.05732482471587245,-0.04367406620712466,-0.021522203763533643,1.644831324438476
307.29343,0.41908243,1246.6871,27.533175,2021,Kebbi,Maize,yield,1.9654546519117044,0.9659258262890668,0.2588190451025267,21,34325.254094542506,128.7812773674349,1.9855821701418803,2.029256236349005,2.056137121822156,2.02365850943768,1.9634350294568368,0.03560900464183353,-0.02012751823017589,-0.010136834694047248,1.6038562441967004
306.03842,0.40504837,1209.5397,26.918283,2022,Kebbi,Maize,yield,2.1108524332831085,1.0,5.438607851423766e-14,21,32558.7319443351,123.96036317837539,1.9654546519117044,1.9855821701418803,2.029256236349005,1.9934310194675298,1.9965209992141388,0.032616926142424514,0.14539778137140402,0.07397666551603344,1.605266223038653
306.0498,0.43218267,1280.7062,27.581543,2023,Kebbi,Maize,yield,2.1535829384355494,0.9659258262890654,-0.2588190451025314,21,35323.8531256666,132.269419716966,2.1108524332831085,1.9654546519117044,1.9855821701418803,2.020629751778898,2.0294565227015706,0.07878057146837988,0.04273050515244092,0.020243246035906104,1.605266223038653
305.99786,0.43620792,1229.9347,27.047836,2003,Kogi,Maize,yield,1.937984496124031,0.258819045102566,-0.9659258262890562,22,33267.0720563092,133.47869003505122,1.846684553468762,1.7101618311707243,1.74313878448337,1.7666617230409518,1.7666617230409518,0.07123629625903224,0.09129994265526897,0.04943992328509683,1.9244651232662247
305.37308,0.4265949,1194.7395,27.10436,2004,Kogi,Maize,yield,1.937339185712124,-1.8628248921044712e-14,-1.0,22,32382.649514219996,130.270598525292,1.937984496124031,1.846684553468762,1.7101618311707243,1.8316102935878391,1.8094924163117216,0.11465695203442677,-0.000645310411906852,-0.00033298017254390633,1.8474298852330409
305.5993,0.42260066,1155.0626,27.43251,2005,Kogi,Maize,yield,1.7762284196547145,-0.25881904510249215,-0.965925826289076,22,31686.266325126,129.146465875538,1.937339185712124,1.937984496124031,1.846684553468762,1.9073360784349722,1.8350617701918022,0.05252675239272871,-0.1611107660574096,-0.08316084619853947,1.8050928936678836
305.8544,0.42724425,1304.5823,27.389,2006,Kogi,Maize,yield,1.7558417419012216,-0.4999999999999325,-0.8660254037844776,22,35731.2046147,130.6745337372,1.7762284196547145,1.937339185712124,1.937984496124031,1.8838507004969565,1.8416796972260712,0.0932041877098166,-0.0203866777534929,-0.01147750904551792,1.8050928936678836
305.77606,0.42522404,1255.792,27.021614,2007,Kogi,Maize,yield,1.6000221226702065,-0.7071067811865387,-0.7071067811865563,22,33933.526688287995,130.0233315684824,1.7558417419012216,1.7762284196547145,1.937339185712124,1.8231364490893534,1.8508156793721706,0.09942636947286002,-0.15581961923101506,-0.08874354420022723,1.8050928936678836
305.84323,0.4233107,1277.7548,26.675346,2008,Kogi,Maize,yield,1.616226517832834,-0.8660254037844651,-0.49999999999995415,22,34084.5513931608,129.466711781561,1.6000221226702065,1.7558417419012216,1.7762284196547145,1.7106974280753808,1.8014831932124593,0.09638812985711859,0.016204395162627616,0.010127606945574463,1.8050928936678836
306.06,0.42762327,1271.8428,27.365923,2009,Kogi,Maize,yield,1.6375565166109691,-0.9659258262890695,-0.25881904510251624,22,34805.1521329044,130.8783780162,1.616226517832834,1.6000221226702065,1.7558417419012216,1.657363460801421,1.7371315975542199,0.08566869026619547,0.021329998778135018,0.013197406763710395,1.9244651232662247
306.0535,0.4254658,1287.4465,27.45352,2010,Kogi,Maize,yield,1.1200458466550038,-1.0,-4.3605472797921425e-14,22,35344.93823668,130.2152972203,1.6375565166109691,1.616226517832834,1.6000221226702065,1.6179350523713367,1.6771750637339893,0.018825434917345212,-0.5175106699559653,-0.31602614304084453,1.857540060152724
306.34503,0.42302173,1220.7533,27.04393,2011,Kogi,Maize,yield,1.1326062066887617,-0.9659258262890921,0.25881904510243203,22,33013.966792469,129.5906045675019,1.1200458466550038,1.6375565166109691,1.616226517832834,1.4579429603662692,1.545938549134047,0.2928217662722015,0.012560360033757823,0.011214148127301371,1.9244651232662247
305.59457,0.42084876,1304.7032,26.770334,2012,Kogi,Maize,yield,1.1014894859813085,-0.8660254037844518,0.4999999999999771,22,34927.3404348688,128.6090958472332,1.1326062066887617,1.1200458466550038,1.6375565166109691,1.2967361899849115,1.421291442091555,0.295225865977499,-0.031116720707453194,-0.027473556584529657,1.8769622045937884
306.6914,0.4259423,1048.5135,27.119905,2013,Kogi,Maize,yield,1.1898182264799804,-0.7071067811865199,0.707106781186575,22,28435.5865112175,130.63284030622,1.1014894859813085,1.1326062066887617,1.1200458466550038,1.1180471797750247,1.3215849147537755,0.015654346964013403,0.0883287404986719,0.08019027110365973,1.8050928936678836
306.36066,0.4242326,1159.8105,27.012936,2014,Kogi,Maize,yield,1.7611676249447148,-0.5000000000000081,0.866025403784434,22,31329.886808628,129.968179329516,1.1898182264799804,1.1014894859813085,1.1326062066887617,1.1413046397166835,1.2363032564832046,0.044802217047561474,0.5713493984647344,0.4801988957212766,1.9244651232662247
306.16895,0.4036002,1114.3763,27.112036,2015,Kogi,Maize,yield,1.4200585039699123,-0.25881904510257636,0.9659258262890534,22,30213.010363146797,123.56984945379,1.7611676249447148,1.1898182264799804,1.1014894859813085,1.3508251124686679,1.261025478149954,0.35810085836030436,-0.3411091209748025,-0.19368350640985144,1.9244651232662247
306.33463,0.4153306,1207.252,27.302628,2016,Kogi,Maize,yield,2.394311064718163,7.847643204728474e-15,1.0,22,32961.152258256,127.230145678678,1.4200585039699123,1.7611676249447148,1.1898182264799804,1.4570147851315358,1.3210280096129356,0.2874619258605849,0.9742525607482506,0.6860650867725748,1.857540060152724
306.3891,0.41154227,1127.9817,27.362865,2017,Kogi,Maize,yield,2.412660695789923,0.2588190451024817,0.9659258262890787,22,30864.810979570502,126.09206571725699,2.394311064718163,1.4200585039699123,1.7611676249447148,1.8585123978775968,1.5733689812188156,0.4943672892133404,0.01834963107175991,0.00766384591465763,1.8474298852330409
306.11203,0.42416587,1310.2294,27.159376,2018,Kogi,Maize,yield,2.4079209114473445,0.5000000000000216,0.8660254037844262,22,35585.0129208544,129.8422755224161,2.412660695789923,2.394311064718163,1.4200585039699123,2.075676754825999,1.8356032231805386,0.5678561837136349,-0.004739784342578268,-0.001964546589932503,1.8050928936678836
306.68036,0.43271995,1364.0745,27.172945,2019,Kogi,Maize,yield,2.39998795761079,0.707106781186531,0.707106781186564,22,37065.92136440249,132.706710045182,2.4079209114473445,2.412660695789923,2.394311064718163,2.4049642239851434,2.0792237601740116,0.00952542601035173,-0.007932953836554457,-0.0032945242507097516,1.857540060152724
306.6339,0.42668813,1212.3434,27.295088,2020,Kogi,Maize,yield,2.3920731340590606,0.8660254037844028,0.500000000000062,22,33091.0197892192,130.83704538560698,2.39998795761079,2.4079209114473445,2.412660695789923,2.406856521616019,2.2069878267072265,0.006403067040363462,-0.007914823551729455,-0.0032978596940997917,1.8769622045937884
307.29343,0.41908243,1246.6871,27.533175,2021,Kogi,Maize,yield,2.468037575896437,0.9659258262890668,0.2588190451025267,22,34325.254094542506,128.7812773674349,2.3920731340590606,2.39998795761079,2.4079209114473445,2.3999940010390652,2.401390752725056,0.007923890422566108,0.07596444183737638,0.031756738853746524,1.8050928936678836
306.03842,0.40504837,1209.5397,26.918283,2022,Kogi,Maize,yield,2.6726124689228885,1.0,5.438607851423766e-14,22,32558.7319443351,123.96036317837539,2.468037575896437,2.3920731340590606,2.39998795761079,2.4200328891887626,2.416136054960711,0.04176120888324018,0.2045748930264515,0.08288969950230451,1.8050928936678836
306.0498,0.43218267,1280.7062,27.581543,2023,Kogi,Maize,yield,2.7267149077611683,0.9659258262890654,-0.2588190451025314,22,35323.8531256666,132.269419716966,2.6726124689228885,2.468037575896437,2.3920731340590606,2.5109077262927952,2.468126409587304,0.1450998516460776,0.05410243883827981,0.02024327861498154,1.8050928936678836
305.99786,0.43620792,1229.9347,27.047836,2003,Kwara,Maize,yield,1.317626527050611,0.258819045102566,-0.9659258262890562,23,33267.0720563092,133.47869003505122,1.2333736396614268,1.1852134146341464,1.151216409604071,1.189934487966548,1.189934487966548,0.041281582003743135,0.08425288738918413,0.06831091948123058,1.7321414612121266
305.37308,0.4265949,1194.7395,27.10436,2004,Kwara,Maize,yield,1.3540372670807452,-1.8628248921044712e-14,-1.0,23,32382.649514219996,130.270598525292,1.317626527050611,1.2333736396614268,1.1852134146341464,1.2454045271153946,1.2218574977375638,0.06702137550551593,0.036410740030134336,0.027633581506313787,1.7523124907180585
305.5993,0.42260066,1155.0626,27.43251,2005,Kwara,Maize,yield,1.3558504221954162,-0.25881904510249215,-0.965925826289076,23,31686.266325126,129.146465875538,1.3540372670807452,1.317626527050611,1.2333736396614268,1.3016791445975942,1.2482934516062,0.06189238241354227,0.0018131551146709501,0.001339073272761615,1.78541277744113
305.8544,0.42724425,1304.5823,27.389,2006,Kwara,Maize,yield,1.3620720883897846,-0.4999999999999325,-0.8660254037844776,23,35731.2046147,130.6745337372,1.3558504221954162,1.3540372670807452,1.317626527050611,1.3425047387755906,1.2892202541244693,0.021564228408227755,0.006221666194368369,0.004588755582857207,1.7324975218683318
305.77606,0.42522404,1255.792,27.021614,2007,Kwara,Maize,yield,1.37245925654642,-0.7071067811865387,-0.7071067811865563,23,33933.526688287995,130.0233315684824,1.3620720883897846,1.3558504221954162,1.3540372670807452,1.3573199258886486,1.3245919888755968,0.004214162929388564,0.010387168156635429,0.007626004706487333,1.7523124907180585
305.84323,0.4233107,1277.7548,26.675346,2008,Kwara,Maize,yield,1.4299483045649697,-0.8660254037844651,-0.49999999999995415,23,34084.5513931608,129.466711781561,1.37245925654642,1.3620720883897846,1.3558504221954162,1.3634605890438738,1.3524091122525952,0.008391024679659161,0.057489048018549704,0.04188761724206813,1.78541277744113
306.06,0.42762327,1271.8428,27.365923,2009,Kwara,Maize,yield,1.4989654623587458,-0.9659258262890695,-0.25881904510251624,23,34805.1521329044,130.8783780162,1.4299483045649697,1.37245925654642,1.3620720883897846,1.3881598831670583,1.374873467755467,0.03656059952702827,0.06901715779377615,0.04826549153801274,1.78541277744113
306.0535,0.4254658,1287.4465,27.45352,2010,Kwara,Maize,yield,1.464082149642631,-1.0,-4.3605472797921425e-14,23,35344.93823668,130.2152972203,1.4989654623587458,1.4299483045649697,1.37245925654642,1.4337910078233784,1.4038591068110673,0.06334058575279322,-0.03488331271611478,-0.02327159203603202,1.7051133194557844
306.34503,0.42302173,1220.7533,27.04393,2011,Kwara,Maize,yield,1.473177358490566,-0.9659258262890921,0.25881904510243203,23,33013.966792469,129.5906045675019,1.464082149642631,1.4989654623587458,1.4299483045649697,1.4643319721887822,1.4255054523005102,0.0345092571053246,0.009095208847935021,0.006212225762164403,1.78541277744113
305.59457,0.42084876,1304.7032,26.770334,2012,Kwara,Maize,yield,1.418231884057971,-0.8660254037844518,0.4999999999999771,23,34927.3404348688,128.6090958472332,1.473177358490566,1.464082149642631,1.4989654623587458,1.4787416568306477,1.4477265063206666,0.018095094322105182,-0.05494547443259501,-0.03729725692288177,1.7523124907180585
306.6914,0.4259423,1048.5135,27.119905,2013,Kwara,Maize,yield,1.3988471812174892,-0.7071067811865199,0.707106781186575,23,28435.5865112175,130.63284030622,1.418231884057971,1.473177358490566,1.464082149642631,1.4518304640637227,1.4568810318229768,0.029450452285139043,-0.019384702840481882,-0.01366821819364028,1.78541277744113
306.36066,0.4242326,1159.8105,27.012936,2014,Kwara,Maize,yield,1.8303886925795048,-0.5000000000000081,0.866025403784434,23,31329.886808628,129.968179329516,1.3988471812174892,1.418231884057971,1.473177358490566,1.4300854745886753,1.4506608071534806,0.03855677008923483,0.4315415113620156,0.3084979668661323,1.7324975218683318
306.16895,0.4036002,1114.3763,27.112036,2015,Kwara,Maize,yield,2.191761148904006,-0.25881904510257636,0.9659258262890534,23,30213.010363146797,123.56984945379,1.8303886925795048,1.3988471812174892,1.418231884057971,1.5491559192849884,1.5169454531976325,0.24374750513030377,0.3613724563245013,0.1974293535518028,1.7051133194557844
306.33463,0.4153306,1207.252,27.302628,2016,Kwara,Maize,yield,2.0217312039670388,7.847643204728474e-15,1.0,23,32961.152258256,127.230145678678,2.191761148904006,1.8303886925795048,1.3988471812174892,1.806999007567,1.6624812530499073,0.39697411510302866,-0.17002994493696733,-0.07757685869283293,1.7321414612121266
306.3891,0.41154227,1127.9817,27.362865,2017,Kwara,Maize,yield,2.050353065399591,0.2588190451024817,0.9659258262890787,23,30864.810979570502,126.09206571725699,2.0217312039670388,2.191761148904006,1.8303886925795048,2.0146270151501833,1.772192022145202,0.1807909432785868,0.028621861432552187,0.014157105245440338,1.7051133194557844
306.11203,0.42416587,1310.2294,27.159376,2018,Kwara,Maize,yield,2.0504021118546256,0.5000000000000216,0.8660254037844262,23,35585.0129208544,129.8422755224161,2.050353065399591,2.0217312039670388,2.191761148904006,2.0879484727568784,1.8986162584135258,0.09103629240357138,4.904645503467364e-05,2.392098017778288e-05,1.7051133194557844
306.68036,0.43271995,1364.0745,27.172945,2019,Kwara,Maize,yield,2.0025499362515937,0.707106781186531,0.707106781186564,23,37065.92136440249,132.706710045182,2.0504021118546256,2.050353065399591,2.0217312039670388,2.0408287937404186,2.028927244540953,0.016539016075755312,-0.0478521756030319,-0.023337946896547446,1.78541277744113
306.6339,0.42668813,1212.3434,27.295088,2020,Kwara,Maize,yield,1.955339456149829,0.8660254037844028,0.500000000000062,23,33091.0197892192,130.83704538560698,2.0025499362515937,2.0504021118546256,2.050353065399591,2.03443503783527,2.0633594932753714,0.02761331886320236,-0.04721048010176476,-0.023575182444705578,1.7321414612121266
307.29343,0.41908243,1246.6871,27.533175,2021,Kwara,Maize,yield,1.9551838685238068,0.9659258262890668,0.2588190451025267,23,34325.254094542506,128.7812773674349,1.955339456149829,2.0025499362515937,2.0504021118546256,2.0027638347520162,2.0160751547245352,0.04753168881745837,-0.00015558762602219112,-7.957064720032214e-05,1.7523124907180585
306.03842,0.40504837,1209.5397,26.918283,2022,Kwara,Maize,yield,2.092266707824447,1.0,5.438607851423766e-14,23,32558.7319443351,123.96036317837539,1.9551838685238068,1.955339456149829,2.0025499362515937,1.97102442030841,2.002765687635889,0.02730200850654451,0.13708283930064025,0.07011250527764412,1.7324975218683318
306.0498,0.43218267,1280.7062,27.581543,2023,Kwara,Maize,yield,2.134621066228561,0.9659258262890654,-0.2588190451025314,23,35323.8531256666,132.269419716966,2.092266707824447,1.9551838685238068,1.955339456149829,2.000930010832694,2.0111484161208604,0.07909993814726358,0.042354358404113945,0.020243288413337224,1.7523124907180585
305.99786,0.43620792,1229.9347,27.047836,2003,Lagos,Maize,yield,2.1048294049777483,0.258819045102566,-0.9659258262890562,24,33267.0720563092,133.47869003505122,2.117017349575489,2.2512266928361138,1.903421394543092,2.090555145651565,2.090555145651565,0.1754061502842986,-0.012187944597740863,-0.0057571302380610145,1.9256367624967614
305.37308,0.4265949,1194.7395,27.10436,2004,Lagos,Maize,yield,2.198362428549359,-1.8628248921044712e-14,-1.0,24,32382.649514219996,130.270598525292,2.1048294049777483,2.117017349575489,2.2512266928361138,2.157691149129784,2.0941237104831107,0.08123305946908808,0.09353302357161075,0.04443734173915126,1.971669370084778
305.5993,0.42260066,1155.0626,27.43251,2005,Lagos,Maize,yield,2.413793103448276,-0.25881904510249215,-0.965925826289076,24,31686.266325126,129.146465875538,2.198362428549359,2.1048294049777483,2.117017349575489,2.1400697277008653,2.1149714540963602,0.05084944176230739,0.21543067489891676,0.09799597741536803,2.0199891828775547
305.8544,0.42724425,1304.5823,27.389,2006,Lagos,Maize,yield,2.50371973488435,-0.4999999999999325,-0.8660254037844776,24,35731.2046147,130.6745337372,2.413793103448276,2.198362428549359,2.1048294049777483,2.2389949789917942,2.2170457958773975,0.1584389310104665,0.08992663143607427,0.03725531873780219,1.9961382717088236
305.77606,0.42522404,1255.792,27.021614,2007,Lagos,Maize,yield,2.587091547394005,-0.7071067811865387,-0.7071067811865563,24,33933.526688287995,130.0233315684824,2.50371973488435,2.413793103448276,2.198362428549359,2.371958422293995,2.2675444042870447,0.15691837541696751,0.08337181250965475,0.033299179356233166,1.9256367624967614
305.84323,0.4233107,1277.7548,26.675346,2008,Lagos,Maize,yield,2.589982527664531,-0.8660254037844651,-0.49999999999995415,24,34084.5513931608,129.466711781561,2.587091547394005,2.50371973488435,2.413793103448276,2.5015347952422107,2.361559243850748,0.08666988023201713,0.0028909802705263665,0.001117463459473722,1.9961382717088236
306.06,0.42762327,1271.8428,27.365923,2009,Lagos,Maize,yield,2.5006629541235745,-0.9659258262890695,-0.25881904510251624,24,34805.1521329044,130.8783780162,2.589982527664531,2.587091547394005,2.50371973488435,2.5602646033142955,2.458589868388104,0.04899062207250031,-0.08931957354095665,-0.034486554479384424,1.9256367624967614
306.0535,0.4254658,1287.4465,27.45352,2010,Lagos,Maize,yield,2.941201117318436,-1.0,-4.3605472797921425e-14,24,35344.93823668,130.2152972203,2.5006629541235745,2.589982527664531,2.587091547394005,2.559245676394037,2.5190499735029475,0.05075471360567684,0.4405381631948613,0.176168548611646,1.9256367624967614
306.34503,0.42302173,1220.7533,27.04393,2011,Lagos,Maize,yield,2.9437265527303045,-0.9659258262890921,0.25881904510243203,24,33013.966792469,129.5906045675019,2.941201117318436,2.5006629541235745,2.589982527664531,2.6772821997021805,2.624531576276979,0.23288278781650182,0.0025254354118686706,0.0008586408447210925,1.9960052056382958
305.59457,0.42084876,1304.7032,26.770334,2012,Lagos,Maize,yield,2.836662216288385,-0.8660254037844518,0.4999999999999771,24,34927.3404348688,128.6090958472332,2.9437265527303045,2.941201117318436,2.5006629541235745,2.795196874724105,2.71253293984617,0.2550769829762061,-0.10706433644191948,-0.036370340289459735,1.971669370084778
306.6914,0.4259423,1048.5135,27.119905,2013,Lagos,Maize,yield,2.348431352769091,-0.7071067811865199,0.707106781186575,24,28435.5865112175,130.63284030622,2.836662216288385,2.9437265527303045,2.941201117318436,2.9071966287790416,2.7624470736250464,0.06109764287642818,-0.488230863519294,-0.17211455798854924,1.9256367624967614
306.36066,0.4242326,1159.8105,27.012936,2014,Lagos,Maize,yield,1.2852852852852852,-0.5000000000000081,0.866025403784434,24,31329.886808628,129.968179329516,2.348431352769091,2.836662216288385,2.9437265527303045,2.709606707262594,2.7141368386459583,0.31733487131824456,-1.0631460674838058,-0.4527047666222924,1.9961382717088236
306.16895,0.4036002,1114.3763,27.112036,2015,Lagos,Maize,yield,1.2794846382556988,-0.25881904510257636,0.9659258262890534,24,30213.010363146797,123.56984945379,1.2852852852852852,2.348431352769091,2.836662216288385,2.156792951447587,2.4710613048783,0.7932443212264082,-0.005800647029586381,-0.004513120235636103,1.9256367624967614
306.33463,0.4153306,1207.252,27.302628,2016,Lagos,Maize,yield,1.7417035398230087,7.847643204728474e-15,1.0,24,32961.152258256,127.230145678678,1.2794846382556988,1.2852852852852852,2.348431352769091,1.6377337587700251,2.138718009065753,0.6154890043400745,0.46221890156730994,0.36125396722030656,1.9960052056382958
306.3891,0.41154227,1127.9817,27.362865,2017,Lagos,Maize,yield,1.7197261446298673,0.2588190451024817,0.9659258262890787,24,30864.810979570502,126.09206571725699,1.7417035398230087,1.2794846382556988,1.2852852852852852,1.4354911544546642,1.8983134064842937,0.2652035644391286,-0.021977395193141458,-0.012618332965766865,1.9960052056382958
306.11203,0.42416587,1310.2294,27.159376,2018,Lagos,Maize,yield,1.6981654328934663,0.5000000000000216,0.8660254037844262,24,35585.0129208544,129.8422755224161,1.7197261446298673,1.7417035398230087,1.2794846382556988,1.5803047742361915,1.67492619215259,0.2607495294978697,-0.02156071173640095,-0.01253729368697909,2.0199891828775547
306.68036,0.43271995,1364.0745,27.172945,2019,Lagos,Maize,yield,1.651406230293858,0.707106781186531,0.707106781186564,24,37065.92136440249,132.706710045182,1.6981654328934663,1.7197261446298673,1.7417035398230087,1.7198650391154473,1.5448730081774653,0.021769385786248423,-0.04675920259960842,-0.02753512802338487,2.0199891828775547
306.6339,0.42668813,1212.3434,27.295088,2020,Lagos,Maize,yield,1.6053232878404249,0.8660254037844028,0.500000000000062,24,33091.0197892192,130.83704538560698,1.651406230293858,1.6981654328934663,1.7197261446298673,1.6897659359390638,1.6180971971791798,0.034925869145019765,-0.04608294245343303,-0.027905273462140667,1.9960052056382958
307.29343,0.41908243,1246.6871,27.533175,2021,Lagos,Maize,yield,1.599547372928008,0.9659258262890668,0.2588190451025267,24,34325.254094542506,128.7812773674349,1.6053232878404249,1.651406230293858,1.6981654328934663,1.6516316503425832,1.683264927096125,0.04642148301337599,-0.005775914912416802,-0.0035979761560593904,2.0199891828775547
306.03842,0.40504837,1209.5397,26.918283,2022,Lagos,Maize,yield,1.6278991932851814,1.0,5.438607851423766e-14,24,32558.7319443351,123.96036317837539,1.599547372928008,1.6053232878404249,1.651406230293858,1.6187589636874302,1.654833693717125,0.02842047344648109,0.02835182035717332,0.017724901954778938,1.9961382717088236
306.0498,0.43218267,1280.7062,27.581543,2023,Lagos,Maize,yield,1.6608530700460515,0.9659258262890654,-0.2588190451025314,24,35323.8531256666,132.269419716966,1.6278991932851814,1.599547372928008,1.6053232878404249,1.610923284684538,1.6364683034481877,0.014982536597045678,0.03295387676087014,0.020243192512656494,1.971669370084778
305.99786,0.43620792,1229.9347,27.047836,2003,Nasarawa,Maize,yield,1.5487606296363308,0.258819045102566,-0.9659258262890562,25,33267.0720563092,133.47869003505122,1.565309360126917,1.681298658273977,1.577972381273156,1.6081934665580169,1.6081934665580169,0.06362676180671156,-0.01654873049058625,-0.010572178837060298,2.0163592978550042
305.37308,0.4265949,1194.7395,27.10436,2004,Nasarawa,Maize,yield,1.6027206138821066,-1.8628248921044712e-14,-1.0,25,32382.649514219996,130.270598525292,1.5487606296363308,1.565309360126917,1.681298658273977,1.5984562160124083,1.5933352573275952,0.07221923428082391,0.05395998424577586,0.034840751510093915,1.9827511323462512
305.5993,0.42260066,1155.0626,27.43251,2005,Nasarawa,Maize,yield,1.775527666856817,-0.25881904510249215,-0.965925826289076,25,31686.266325126,129.146465875538,1.6027206138821066,1.5487606296363308,1.565309360126917,1.5722635345484515,1.5952123286384974,0.027643993585676787,0.17280705297471033,0.1078210709202383,1.9078459129762595
305.8544,0.42724425,1304.5823,27.389,2006,Nasarawa,Maize,yield,1.7401520387007603,-0.4999999999999325,-0.8660254037844776,25,35731.2046147,130.6745337372,1.775527666856817,1.6027206138821066,1.5487606296363308,1.6423363034584184,1.6347233857552297,0.11846043406088948,-0.03537562815605666,-0.01992400840403774,2.0163592978550042
305.77606,0.42522404,1255.792,27.021614,2007,Nasarawa,Maize,yield,1.8356517997992257,-0.7071067811865387,-0.7071067811865563,25,33933.526688287995,130.0233315684824,1.7401520387007603,1.775527666856817,1.6027206138821066,1.706133439813228,1.646494061840586,0.0912881054253739,0.09549976109846536,0.054880124825051446,1.917882700655742
305.84323,0.4233107,1277.7548,26.675346,2008,Nasarawa,Maize,yield,2.035244836053734,-0.8660254037844651,-0.49999999999995415,25,34084.5513931608,129.466711781561,1.8356517997992257,1.7401520387007603,1.775527666856817,1.7837771684522676,1.7005625497750478,0.04828138150359804,0.1995930362545082,0.10873142514083489,1.9827511323462512
306.06,0.42762327,1271.8428,27.365923,2009,Nasarawa,Maize,yield,2.069146149816658,-0.9659258262890695,-0.25881904510251624,25,34805.1521329044,130.8783780162,2.035244836053734,1.8356517997992257,1.7401520387007603,1.8703495581845733,1.797859391058529,0.15057519912032902,0.03390131376292427,0.016657118181740538,2.0163592978550042
306.0535,0.4254658,1287.4465,27.45352,2010,Nasarawa,Maize,yield,0.9644204851752022,-1.0,-4.3605472797921425e-14,25,35344.93823668,130.2152972203,2.069146149816658,2.035244836053734,1.8356517997992257,1.9800142618898728,1.891144498245439,0.1261654275717723,-1.1047256646414558,-0.5339041250127947,1.981184416863692
306.34503,0.42302173,1220.7533,27.04393,2011,Nasarawa,Maize,yield,0.9784827213822894,-0.9659258262890921,0.25881904510243203,25,33013.966792469,129.5906045675019,0.9644204851752022,2.069146149816658,2.035244836053734,1.6896038236818647,1.728923061909116,0.6282559037561561,0.014062236207087242,0.014581021891641566,1.981184416863692
305.59457,0.42084876,1304.7032,26.770334,2012,Nasarawa,Maize,yield,0.970313662945242,-0.8660254037844518,0.4999999999999771,25,34927.3404348688,128.6090958472332,0.9784827213822894,0.9644204851752022,2.069146149816658,1.33734978545805,1.576589198445422,0.6337932437223858,-0.008169058437047405,-0.008348699735348464,2.0163592978550042
306.6914,0.4259423,1048.5135,27.119905,2013,Nasarawa,Maize,yield,1.0082937770590996,-0.7071067811865199,0.707106781186575,25,28435.5865112175,130.63284030622,0.970313662945242,0.9784827213822894,0.9644204851752022,0.9710722898342445,1.4035215710746252,0.007061746090970805,0.0379801141138576,0.03914209967792748,2.0163592978550042
306.36066,0.4242326,1159.8105,27.012936,2014,Nasarawa,Maize,yield,2.066522444564629,-0.5000000000000081,0.866025403784434,25,31329.886808628,129.968179329516,1.0082937770590996,0.970313662945242,0.9784827213822894,0.9856967204622104,1.1981313592756984,0.01999133822606845,1.0582286675055295,1.0495241482021989,1.981184416863692
306.16895,0.4036002,1114.3763,27.112036,2015,Nasarawa,Maize,yield,2.030843989769821,-0.25881904510257636,0.9659258262890534,25,30213.010363146797,123.56984945379,2.066522444564629,1.0082937770590996,0.970313662945242,1.3483766281896568,1.1976066182252925,0.6222223737938727,-0.03567845479480791,-0.017264973283328877,1.9078459129762595
306.33463,0.4153306,1207.252,27.302628,2016,Nasarawa,Maize,yield,2.494010212097408,7.847643204728474e-15,1.0,25,32961.152258256,127.230145678678,2.030843989769821,2.066522444564629,1.0082937770590996,1.7018867371311834,1.4108913191442163,0.6009339678619463,0.46316622232758675,0.22806588032401387,2.0163592978550042
306.3891,0.41154227,1127.9817,27.362865,2017,Nasarawa,Maize,yield,2.914448669201521,0.2588190451024817,0.9659258262890787,25,30864.810979570502,126.09206571725699,2.494010212097408,2.030843989769821,2.066522444564629,2.1971255488106194,1.71399681728724,0.2577277934281027,0.4204384571041131,0.16857928450522808,2.0163592978550042
306.11203,0.42416587,1310.2294,27.159376,2018,Nasarawa,Maize,yield,2.923426407950781,0.5000000000000216,0.8660254037844262,25,35585.0129208544,129.8422755224161,2.914448669201521,2.494010212097408,2.030843989769821,2.479767623689583,2.1028238185384955,0.44197448554392305,0.008977738749259778,0.003080424384938496,1.981184416863692
306.68036,0.43271995,1364.0745,27.172945,2019,Nasarawa,Maize,yield,2.9142182333490787,0.707106781186531,0.707106781186564,25,37065.92136440249,132.706710045182,2.923426407950781,2.914448669201521,2.494010212097408,2.7772950964165695,2.4858503447168316,0.24537296960148938,-0.00920817460170209,-0.003149788404681164,1.9078459129762595
306.6339,0.42668813,1212.3434,27.295088,2020,Nasarawa,Maize,yield,2.905318747642399,0.8660254037844028,0.500000000000062,25,33091.0197892192,130.83704538560698,2.9142182333490787,2.923426407950781,2.914448669201521,2.917364436833793,2.6553895024737217,0.005251085177191342,-0.008899485706679755,-0.00305381580721642,1.9078459129762595
307.29343,0.41908243,1246.6871,27.533175,2021,Nasarawa,Maize,yield,2.694101390448225,0.9659258262890668,0.2588190451025267,25,34325.254094542506,128.7812773674349,2.905318747642399,2.9142182333490787,2.923426407950781,2.914321129647419,2.830284454048237,0.009054268672692614,-0.21121735719417378,-0.07270023551308158,1.981184416863692
306.03842,0.40504837,1209.5397,26.918283,2022,Nasarawa,Maize,yield,2.772627037816186,1.0,5.438607851423766e-14,25,32558.7319443351,123.96036317837539,2.694101390448225,2.905318747642399,2.9142182333490787,2.8378794571465673,2.870302689718401,0.12459494194828227,0.07852564736796097,0.029147250228357846,1.917882700655742
306.0498,0.43218267,1280.7062,27.581543,2023,Nasarawa,Maize,yield,2.828753832000933,0.9659258262890654,-0.2588190451025314,25,35323.8531256666,132.269419716966,2.772627037816186,2.694101390448225,2.905318747642399,2.7906823919689363,2.8419383634413338,0.1067599637280239,0.05612679418474675,0.020243182158734996,1.917882700655742
305.99786,0.43620792,1229.9347,27.047836,2003,Niger,Maize,yield,1.2090801244028344,0.258819045102566,-0.9659258262890562,26,33267.0720563092,133.47869003505122,1.157226908626923,1.274644974493313,1.391269755162562,1.2743805460942659,1.2743805460942659,0.11702164733676355,0.05185321577591151,0.04480816630632667,1.823840607633777
305.37308,0.4265949,1194.7395,27.10436,2004,Niger,Maize,yield,1.1023991422061383,-1.8628248921044712e-14,-1.0,26,32382.649514219996,130.270598525292,1.2090801244028344,1.157226908626923,1.274644974493313,1.2136506691743567,1.258055440671408,0.058842314345905956,-0.10668098219669608,-0.08823317830105415,1.875381821219271
305.5993,0.42260066,1155.0626,27.43251,2005,Niger,Maize,yield,1.1822929483498756,-0.25881904510249215,-0.965925826289076,26,31686.266325126,129.146465875538,1.1023991422061383,1.2090801244028344,1.157226908626923,1.1562353917452988,1.226924180978354,0.05334740218518544,0.07989380614373731,0.07247266719008194,1.9949186328937376
305.8544,0.42724425,1304.5823,27.389,2006,Niger,Maize,yield,1.2545970628162408,-0.4999999999999325,-0.8660254037844776,26,35731.2046147,130.6745337372,1.1822929483498756,1.1023991422061383,1.2090801244028344,1.1645907383196161,1.185128819615817,0.055499857392425654,0.0723041144663652,0.0611558366877516,1.9949186328937376
305.77606,0.42522404,1255.792,27.021614,2007,Niger,Maize,yield,1.2527361508671493,-0.7071067811865387,-0.7071067811865563,26,33933.526688287995,130.0233315684824,1.2545970628162408,1.1822929483498756,1.1023991422061383,1.1797630511240849,1.1811192372804025,0.076130493525851,-0.0018609119490915482,-0.0014832745940870362,1.9949186328937376
305.84323,0.4233107,1277.7548,26.675346,2008,Niger,Maize,yield,1.276434620206207,-0.8660254037844651,-0.49999999999995415,26,34084.5513931608,129.466711781561,1.2527361508671493,1.2545970628162408,1.1822929483498756,1.229875387344422,1.2002210857284479,0.04121810432107416,0.023698469339057615,0.018917366855465412,1.9949186328937376
306.06,0.42762327,1271.8428,27.365923,2009,Niger,Maize,yield,1.420203984712454,-0.9659258262890695,-0.25881904510251624,26,34805.1521329044,130.8783780162,1.276434620206207,1.2527361508671493,1.2545970628162408,1.2612559446298657,1.213691984889122,0.013178007911272133,0.143769364506247,0.11263355148031096,1.823840607633777
306.0535,0.4254658,1287.4465,27.45352,2010,Niger,Maize,yield,1.5617486863257912,-1.0,-4.3605472797921425e-14,26,35344.93823668,130.2152972203,1.420203984712454,1.276434620206207,1.2527361508671493,1.3164582519286032,1.2772529533903854,0.09062442918660125,0.14154470161333732,0.0996650503286649,1.9296748905487298
306.34503,0.42302173,1220.7533,27.04393,2011,Niger,Maize,yield,1.5875888568683958,-0.9659258262890921,0.25881904510243203,26,33013.966792469,129.5906045675019,1.5617486863257912,1.420203984712454,1.276434620206207,1.4194624304148171,1.3531441009855685,0.14265847857209576,0.025840170542604568,0.01654566497724863,1.9296748905487298
305.59457,0.42084876,1304.7032,26.770334,2012,Niger,Maize,yield,1.5867911877394636,-0.8660254037844518,0.4999999999999771,26,34927.3404348688,128.6090958472332,1.5875888568683958,1.5617486863257912,1.420203984712454,1.5231805093022137,1.4197424597959993,0.09011133150640419,-0.0007976691289321991,-0.0005024406196108,1.875381821219271
306.6914,0.4259423,1048.5135,27.119905,2013,Niger,Maize,yield,1.3624215428224338,-0.7071067811865199,0.707106781186575,26,28435.5865112175,130.63284030622,1.5867911877394636,1.5875888568683958,1.5617486863257912,1.5787095769778834,1.4865534671704623,0.014693975901516916,-0.22436964491702982,-0.1413983431787682,1.9949186328937376
306.36066,0.4242326,1159.8105,27.012936,2014,Niger,Maize,yield,2.029631846752469,-0.5000000000000081,0.866025403784434,26,31329.886808628,129.968179329516,1.3624215428224338,1.5867911877394636,1.5875888568683958,1.5122671958100977,1.5037508516937077,0.12977075502009167,0.6672103039300354,0.48972383580181966,1.875381821219271
306.16895,0.4036002,1114.3763,27.112036,2015,Niger,Maize,yield,2.219806763285024,-0.25881904510257636,0.9659258262890534,26,30213.010363146797,123.56984945379,2.029631846752469,1.3624215428224338,1.5867911877394636,1.6596148591047888,1.625636424101711,0.3395141569227221,0.19017491653255458,0.09369921783442936,1.9296748905487298
306.33463,0.4153306,1207.252,27.302628,2016,Niger,Maize,yield,2.495887337986042,7.847643204728474e-15,1.0,26,32961.152258256,127.230145678678,2.219806763285024,2.029631846752469,1.3624215428224338,1.870620050953309,1.7572480394935575,0.4502676065068164,0.2760805747010182,0.12437144496868502,1.823840607633777
306.3891,0.41154227,1127.9817,27.362865,2017,Niger,Maize,yield,2.487722517893191,0.2588190451024817,0.9659258262890787,26,30864.810979570502,126.09206571725699,2.495887337986042,2.219806763285024,2.029631846752469,2.2484419826745117,1.9389077357170865,0.23444301571699594,-0.0081648200928508,-0.003271309553354751,1.9949186328937376
306.11203,0.42416587,1310.2294,27.159376,2018,Niger,Maize,yield,2.6207660652105096,0.5000000000000216,0.8660254037844262,26,35585.0129208544,129.8422755224161,2.487722517893191,2.495887337986042,2.219806763285024,2.4011388730547525,2.119094001747832,0.15709126836633686,0.13304354731731838,0.05348005911446685,1.823840607633777
306.68036,0.43271995,1364.0745,27.172945,2019,Niger,Maize,yield,2.551480210801825,0.707106781186531,0.707106781186564,26,37065.92136440249,132.706710045182,2.6207660652105096,2.487722517893191,2.495887337986042,2.534791973696581,2.370762906225447,0.07456758263832211,-0.06928585440868451,-0.026437252576039905,1.823840607633777
306.6339,0.42668813,1212.3434,27.295088,2020,Niger,Maize,yield,2.484259950912389,0.8660254037844028,0.500000000000062,26,33091.0197892192,130.83704538560698,2.551480210801825,2.6207660652105096,2.487722517893191,2.5533229313018424,2.4751325790353182,0.06654091286439193,-0.06722025988943603,-0.02634559327752395,1.875381821219271
307.29343,0.41908243,1246.6871,27.533175,2021,Niger,Maize,yield,2.7057892094388443,0.9659258262890668,0.2588190451025267,26,34325.254094542506,128.7812773674349,2.484259950912389,2.551480210801825,2.6207660652105096,2.5521687423082415,2.528023216560791,0.06825566179388494,0.22152925852645522,0.08917313924619474,1.9949186328937376
306.03842,0.40504837,1209.5397,26.918283,2022,Niger,Maize,yield,3.4370317625321376,1.0,5.438607851423766e-14,26,32558.7319443351,123.96036317837539,2.7057892094388443,2.484259950912389,2.551480210801825,2.580509790384353,2.5700035908513517,0.11358186679164878,0.7312425530932933,0.27025111584540107,1.875381821219271
306.0498,0.43218267,1280.7062,27.581543,2023,Niger,Maize,yield,3.5066083278855524,0.9659258262890654,-0.2588190451025314,26,35323.8531256666,132.269419716966,3.4370317625321376,2.7057892094388443,2.484259950912389,2.875693640961124,2.759865439779141,0.49859218620279067,0.06957656535341483,0.020243212795379106,1.823840607633777
305.99786,0.43620792,1229.9347,27.047836,2003,Ogun,Maize,yield,1.4454834005318693,0.258819045102566,-0.9659258262890562,27,33267.0720563092,133.47869003505122,1.5493459108302927,1.8305120386920408,1.4155202063628547,1.5984593852950628,1.5984593852950628,0.2118104229151272,-0.10386251029842342,-0.06703636003580604,1.8154065406825872
305.37308,0.4265949,1194.7395,27.10436,2004,Ogun,Maize,yield,1.4195089185760132,-1.8628248921044712e-14,-1.0,27,32382.649514219996,130.270598525292,1.4454834005318693,1.5493459108302927,1.8305120386920408,1.608447116684734,1.5602153891042643,0.19920210202444125,-0.025974481955856055,-0.0179694086741492,1.8154065406825872
305.5993,0.42260066,1155.0626,27.43251,2005,Ogun,Maize,yield,1.3476366074421724,-0.25881904510249215,-0.965925826289076,27,31686.266325126,129.146465875538,1.4195089185760132,1.4454834005318693,1.5493459108302927,1.4714460766460584,1.5320740949986142,0.0687019399483544,-0.07187231113384085,-0.05063181371621106,1.8154065406825872
305.8544,0.42724425,1304.5823,27.389,2006,Ogun,Maize,yield,1.3201786191366742,-0.4999999999999325,-0.8660254037844776,27,35731.2046147,130.6745337372,1.3476366074421724,1.4195089185760132,1.4454834005318693,1.4042096421833516,1.5184973752144777,0.05068579310900586,-0.02745798830549817,-0.02037492017793563,1.8154065406825872
305.77606,0.42522404,1255.792,27.021614,2007,Ogun,Maize,yield,1.3206106870229009,-0.7071067811865387,-0.7071067811865563,27,33933.526688287995,130.0233315684824,1.3201786191366742,1.3476366074421724,1.4195089185760132,1.3624413817182865,1.4164306913034044,0.05129340213616575,0.00043206788622662806,0.0003272798695295176,1.8154065406825872
305.84323,0.4233107,1277.7548,26.675346,2008,Ogun,Maize,yield,1.319995937849091,-0.8660254037844651,-0.49999999999995415,27,34084.5513931608,129.466711781561,1.3206106870229009,1.3201786191366742,1.3476366074421724,1.3294753045339158,1.370683646541926,0.01572963328113232,-0.0006147491738097699,-0.00046550370964781873,1.8154065406825872
306.06,0.42762327,1271.8428,27.365923,2009,Ogun,Maize,yield,1.4394320107520595,-0.9659258262890695,-0.25881904510251624,27,34805.1521329044,130.8783780162,1.319995937849091,1.3206106870229009,1.3201786191366742,1.3202617480028886,1.3455861540053704,0.0003156927988231349,0.11943607290296843,0.09048215185994235,1.7604302353137546
306.0535,0.4254658,1287.4465,27.45352,2010,Ogun,Maize,yield,1.471627335580824,-1.0,-4.3605472797921425e-14,27,35344.93823668,130.2152972203,1.4394320107520595,1.319995937849091,1.3206106870229009,1.3600128785413503,1.3495707724405794,0.06877967286897652,0.03219532482876453,0.02236668671272879,1.7759960607552168
306.34503,0.42302173,1220.7533,27.04393,2011,Ogun,Maize,yield,1.5299412971617463,-0.9659258262890921,0.25881904510243203,27,33013.966792469,129.5906045675019,1.471627335580824,1.4394320107520595,1.319995937849091,1.4103517613939915,1.37436891806831,0.07988908480866098,0.05831396158092228,0.039625494968063224,1.7759960607552168
305.59457,0.42084876,1304.7032,26.770334,2012,Ogun,Maize,yield,1.531233729485003,-0.8660254037844518,0.4999999999999771,27,34927.3404348688,128.6090958472332,1.5299412971617463,1.471627335580824,1.4394320107520595,1.4803335478315434,1.4163214536733242,0.04587844080190208,0.0012924323232565982,0.0008447594202825037,1.7102052548134214
306.6914,0.4259423,1048.5135,27.119905,2013,Ogun,Maize,yield,1.4247481108312343,-0.7071067811865199,0.707106781186575,27,28435.5865112175,130.63284030622,1.531233729485003,1.5299412971617463,1.471627335580824,1.5109341207425242,1.4584460621657447,0.03404680770848538,-0.1064856186537686,-0.06954236744091491,1.7759960607552168
306.36066,0.4242326,1159.8105,27.012936,2014,Ogun,Maize,yield,1.6622976098689284,-0.5000000000000081,0.866025403784434,27,31329.886808628,129.968179329516,1.4247481108312343,1.531233729485003,1.5299412971617463,1.495307712492661,1.4793964967621736,0.06110982437621611,0.23754949903769407,0.16673087490468874,1.7604302353137546
306.16895,0.4036002,1114.3763,27.112036,2015,Ogun,Maize,yield,1.8592684954280965,-0.25881904510257636,0.9659258262890534,27,30213.010363146797,123.56984945379,1.6622976098689284,1.4247481108312343,1.531233729485003,1.5394264833950553,1.5239696165855472,0.11898647837354376,0.19697088555916809,0.11849315332571475,1.8154065406825872
306.33463,0.4153306,1207.252,27.302628,2016,Ogun,Maize,yield,2.113841854348184,7.847643204728474e-15,1.0,27,32961.152258256,127.230145678678,1.8592684954280965,1.6622976098689284,1.4247481108312343,1.6487714053760865,1.6014978485550018,0.2175757564930837,0.2545733589200876,0.13692124593412847,1.8154065406825872
306.3891,0.41154227,1127.9817,27.362865,2017,Ogun,Maize,yield,2.0476745032389547,0.2588190451024817,0.9659258262890787,27,30864.810979570502,126.09206571725699,2.113841854348184,1.8592684954280965,1.6622976098689284,1.8784693198817364,1.7182779599922893,0.22638364544586587,-0.06616735110922933,-0.03130194010167919,1.7102052548134214
306.11203,0.42416587,1310.2294,27.159376,2018,Ogun,Maize,yield,2.091019244476122,0.5000000000000216,0.8660254037844262,27,35585.0129208544,129.8422755224161,2.0476745032389547,2.113841854348184,1.8592684954280965,2.006928284338412,1.8215661147430797,0.13208743140049856,0.04334474123716747,0.021167788712808555,1.7102052548134214
306.68036,0.43271995,1364.0745,27.172945,2019,Ogun,Maize,yield,2.0687380293679505,0.707106781186531,0.707106781186564,27,37065.92136440249,132.706710045182,2.091019244476122,2.0476745032389547,2.113841854348184,2.084178534021087,1.954820341472057,0.03360991041120725,-0.022281215108171715,-0.010655671948994416,1.8154065406825872
306.6339,0.42668813,1212.3434,27.295088,2020,Ogun,Maize,yield,2.0465937169078714,0.8660254037844028,0.500000000000062,27,33091.0197892192,130.83704538560698,2.0687380293679505,2.091019244476122,2.0476745032389547,2.0691439256943425,2.0361084253718618,0.021675221154563884,-0.022144312460079085,-0.010704261315699126,1.7066691578744255
307.29343,0.41908243,1246.6871,27.533175,2021,Ogun,Maize,yield,2.0579480911639947,0.9659258262890668,0.2588190451025267,27,34325.254094542506,128.7812773674349,2.0465937169078714,2.0687380293679505,2.091019244476122,2.068783663583981,2.0735734696678167,0.02221279894092089,0.01135437425612329,0.005547937610830944,1.7066691578744255
306.03842,0.40504837,1209.5397,26.918283,2022,Ogun,Maize,yield,2.2629282161640907,1.0,5.438607851423766e-14,27,32558.7319443351,123.96036317837539,2.0579480911639947,2.0465937169078714,2.0687380293679505,2.057759945813272,2.0623947170309784,0.011073355073614016,0.204980125000096,0.09960412795648188,1.7066691578744255
306.0498,0.43218267,1280.7062,27.581543,2023,Ogun,Maize,yield,2.308737087557412,0.9659258262890654,-0.2588190451025314,27,35323.8531256666,132.269419716966,2.2629282161640907,2.0579480911639947,2.0465937169078714,2.1224900080786524,2.105445459616006,0.12175548517981791,0.04580887139332113,0.020243183617628002,1.7102052548134214
305.99786,0.43620792,1229.9347,27.047836,2003,Ondo,Maize,yield,2.081526452732004,0.258819045102566,-0.9659258262890562,28,33267.0720563092,133.47869003505122,2.1911540416878497,2.217078189300412,1.9190843758317808,2.109105535606681,2.109105535606681,0.1650728512778768,-0.10962758895584557,-0.05003189500606686,2.1041377293789663
305.37308,0.4265949,1194.7395,27.10436,2004,Ondo,Maize,yield,2.1200320696369257,-1.8628248921044712e-14,-1.0,28,32382.649514219996,130.270598525292,2.081526452732004,2.1911540416878497,2.217078189300412,2.163252894573422,2.1022107648880115,0.07195431765643727,0.0385056169049216,0.018498740121406065,2.1204579531892316
305.5993,0.42260066,1155.0626,27.43251,2005,Ondo,Maize,yield,2.132486388384755,-0.25881904510249215,-0.965925826289076,28,31686.266325126,129.146465875538,2.1200320696369257,2.081526452732004,2.1911540416878497,2.1309041880189263,2.1057750258377945,0.05561658281171311,0.01245431874782943,0.005874589788616991,2.1204579531892316
305.8544,0.42724425,1304.5823,27.389,2006,Ondo,Maize,yield,1.92531179138322,-0.4999999999999325,-0.8660254037844776,28,35731.2046147,130.6745337372,2.132486388384755,2.1200320696369257,2.081526452732004,2.1113483035845615,2.148455428348389,0.026566606954450647,-0.20717459700153507,-0.09715166208327308,2.0906773464218626
305.77606,0.42522404,1255.792,27.021614,2007,Ondo,Maize,yield,1.9037508846426043,-0.7071067811865387,-0.7071067811865563,28,33933.526688287995,130.0233315684824,1.92531179138322,2.132486388384755,2.1200320696369257,2.0592767498016333,2.090102148764951,0.11618405689638982,-0.021560906740615726,-0.01119865719262303,2.1041377293789663
305.84323,0.4233107,1277.7548,26.675346,2008,Ondo,Maize,yield,2.253609617591977,-0.8660254037844651,-0.49999999999995415,28,34084.5513931608,129.466711781561,1.9037508846426043,1.92531179138322,2.132486388384755,1.9871830214701929,2.032621517355902,0.12629734558730904,0.34985873294937275,0.18377337905481927,2.1041377293789663
306.06,0.42762327,1271.8428,27.365923,2009,Ondo,Maize,yield,2.5,-0.9659258262890695,-0.25881904510251624,28,34805.1521329044,130.8783780162,2.253609617591977,1.9037508846426043,1.92531179138322,2.0275574312059335,2.067038150327896,0.1960635391966138,0.2463903824080229,0.1093314389877762,2.0906773464218626
306.0535,0.4254658,1287.4465,27.45352,2010,Ondo,Maize,yield,2.246176716917923,-1.0,-4.3605472797921425e-14,28,35344.93823668,130.2152972203,2.5,2.253609617591977,1.9037508846426043,2.219120167411527,2.1430317364005114,0.29961707815381855,-0.253823283082077,-0.10152931323283076,2.1204579531892316
306.34503,0.42302173,1220.7533,27.04393,2011,Ondo,Maize,yield,2.316109715242881,-0.9659258262890921,0.25881904510243203,28,33013.966792469,129.5906045675019,2.246176716917923,2.5,2.253609617591977,2.3332621115033,2.165769802107145,0.14444706503893037,0.06993299832495792,0.03113423703408169,2.1041377293789663
305.59457,0.42084876,1304.7032,26.770334,2012,Ondo,Maize,yield,2.329212730318258,-0.8660254037844518,0.4999999999999771,28,34927.3404348688,128.6090958472332,2.316109715242881,2.246176716917923,2.5,2.3540954773869345,2.243929386879077,0.13110588603449294,0.013103015075377034,0.005657337814846564,2.1204579531892316
306.6914,0.4259423,1048.5135,27.119905,2013,Ondo,Maize,yield,2.8892066380692403,-0.7071067811865199,0.707106781186575,28,28435.5865112175,130.63284030622,2.329212730318258,2.316109715242881,2.246176716917923,2.29716638749302,2.3290217560142077,0.044641708413030376,0.5599939077509823,0.24042196767251323,2.0874191687160453
306.36066,0.4242326,1159.8105,27.012936,2014,Ondo,Maize,yield,1.8407902382335848,-0.5000000000000081,0.866025403784434,28,31329.886808628,129.968179329516,2.8892066380692403,2.329212730318258,2.316109715242881,2.51150969454346,2.4561411601096603,0.3271607527081357,-1.0484163998356555,-0.3628734566857693,2.1041377293789663
306.16895,0.4036002,1114.3763,27.112036,2015,Ondo,Maize,yield,1.4972375690607735,-0.25881904510257636,0.9659258262890534,28,30213.010363146797,123.56984945379,1.8407902382335848,2.8892066380692403,2.329212730318258,2.353069868873694,2.3242992077563773,0.5246152010341761,-0.34355266917281124,-0.18663325241363893,2.0906773464218626
306.33463,0.4153306,1207.252,27.302628,2016,Ondo,Maize,yield,1.9453941120607787,7.847643204728474e-15,1.0,28,32961.152258256,127.230145678678,1.4972375690607735,1.8407902382335848,2.8892066380692403,2.0757448151211992,2.1745113781849477,0.725118757286972,0.4481565430000052,0.2993222667269406,2.1204579531892316
306.3891,0.41154227,1127.9817,27.362865,2017,Ondo,Maize,yield,2.4967532467532467,0.2588190451024817,0.9659258262890787,28,30864.810979570502,126.09206571725699,1.9453941120607787,1.4972375690607735,1.8407902382335848,1.7611406397850455,2.100368257548527,0.2344549331069584,0.551359134692468,0.2834177050676929,2.0906773464218626
306.11203,0.42416587,1310.2294,27.159376,2018,Ondo,Maize,yield,2.5123564895894144,0.5000000000000216,0.8660254037844262,28,35585.0129208544,129.8422755224161,2.4967532467532467,1.9453941120607787,1.4972375690607735,1.979794975958266,2.133876360835525,0.5006450459816122,0.015603242836167652,0.006249413255578151,2.0906773464218626
306.68036,0.43271995,1364.0745,27.172945,2019,Ondo,Maize,yield,2.5074578469520103,0.707106781186531,0.707106781186564,28,37065.92136440249,132.706710045182,2.5123564895894144,2.4967532467532467,1.9453941120607787,2.318167949467813,2.0585063311395597,0.3229258671709743,-0.004898642637404027,-0.0019498198833257652,2.1041377293789663
306.6339,0.42668813,1212.3434,27.295088,2020,Ondo,Maize,yield,2.502658539748412,0.8660254037844028,0.500000000000062,28,33091.0197892192,130.83704538560698,2.5074578469520103,2.5123564895894144,2.4967532467532467,2.50552252776489,2.191839852883245,0.007979623551173052,-0.004799307203598335,-0.001914013114689972,2.1041377293789663
307.29343,0.41908243,1246.6871,27.533175,2021,Ondo,Maize,yield,2.4808462694041062,0.9659258262890668,0.2588190451025267,28,34325.254094542506,128.7812773674349,2.502658539748412,2.5074578469520103,2.5123564895894144,2.5074909587632788,2.392924047020773,0.0048490597102934544,-0.021812270344305773,-0.008715639787798879,2.0874191687160453
306.03842,0.40504837,1209.5397,26.918283,2022,Ondo,Maize,yield,2.65291249878243,1.0,5.438607851423766e-14,28,32558.7319443351,123.96036317837539,2.4808462694041062,2.502658539748412,2.5074578469520103,2.4969875520348426,2.5000144784894376,0.01418323274620115,0.17206622937832394,0.06935787658445025,2.1084098767152075
306.0498,0.43218267,1280.7062,27.581543,2023,Ondo,Maize,yield,2.7066160429054373,0.9659258262890654,-0.2588190451025314,28,35323.8531256666,132.269419716966,2.65291249878243,2.4808462694041062,2.502658539748412,2.545472435978316,2.531246328895275,0.09368281115502237,0.05370354412300715,0.020243239891121423,2.0906773464218626
305.99786,0.43620792,1229.9347,27.047836,2003,Osun,Maize,yield,1.607843137254902,0.258819045102566,-0.9659258262890562,29,33267.0720563092,133.47869003505122,1.607843137254902,1.607843137254902,1.6,1.605228758169935,1.605228758169935,0.004528237405408813,0.0,0.0,1.8616973873173182
305.37308,0.4265949,1194.7395,27.10436,2004,Osun,Maize,yield,1.7704998768776163,-1.8628248921044712e-14,-1.0,29,32382.649514219996,130.270598525292,1.607843137254902,1.607843137254902,1.607843137254902,1.607843137254902,1.6058823529411765,0.0,0.16265673962271432,0.10116455757022469,1.859586226877937
305.5993,0.42260066,1155.0626,27.43251,2005,Osun,Maize,yield,1.7329753478154748,-0.25881904510249215,-0.965925826289076,29,31686.266325126,129.146465875538,1.7704998768776163,1.607843137254902,1.607843137254902,1.6620620504624732,1.6388058577284645,0.09390991240668098,-0.03752452906214154,-0.021194313285306965,1.859586226877937
305.8544,0.42724425,1304.5823,27.389,2006,Osun,Maize,yield,1.5962998102466792,-0.4999999999999325,-0.8660254037844776,29,35731.2046147,130.6745337372,1.7329753478154748,1.7704998768776163,1.607843137254902,1.7037727873159978,1.6654009272915595,0.08516980621656411,-0.13667553756879558,-0.07886756019990926,1.8770438959547118
305.77606,0.42522404,1255.792,27.021614,2007,Osun,Maize,yield,1.638960430812456,-0.7071067811865387,-0.7071067811865563,29,33933.526688287995,130.0233315684824,1.5962998102466792,1.7329753478154748,1.7704998768776163,1.69992501164659,1.6630922618899149,0.09168238295448562,0.042660620565776686,0.026724691873003747,1.8770438959547118
305.84323,0.4233107,1277.7548,26.675346,2008,Osun,Maize,yield,1.7361464968152869,-0.8660254037844651,-0.49999999999995415,29,34084.5513931608,129.466711781561,1.638960430812456,1.5962998102466792,1.7329753478154748,1.65607852962487,1.6693157206014255,0.06992726666074915,0.09718606600283097,0.0592973839854416,1.8770438959547118
306.06,0.42762327,1271.8428,27.365923,2009,Osun,Maize,yield,2.7635092180546725,-0.9659258262890695,-0.25881904510251624,29,34805.1521329044,130.8783780162,1.7361464968152869,1.638960430812456,1.5962998102466792,1.657135579291474,1.6949763925135026,0.07167304899842332,1.0273627212393857,0.5917488663104964,1.8616973873173182
306.0535,0.4254658,1287.4465,27.45352,2010,Osun,Maize,yield,1.724915707475875,-1.0,-4.3605472797921425e-14,29,35344.93823668,130.2152972203,2.7635092180546725,1.7361464968152869,1.638960430812456,2.0462053818941386,1.8935782607489138,0.6231010173994586,-1.0385935105787976,-0.37582415278133163,1.8770438959547118
306.34503,0.42302173,1220.7533,27.04393,2011,Osun,Maize,yield,1.7202185163887291,-0.9659258262890921,0.25881904510243203,29,33013.966792469,129.5906045675019,1.724915707475875,2.7635092180546725,1.7361464968152869,2.0748571407819445,1.891966332680994,0.5964166289652969,-0.0046971910871458356,-0.0027231423928647525,1.8616973873173182
305.59457,0.42084876,1304.7032,26.770334,2012,Osun,Maize,yield,1.8453251533742328,-0.8660254037844518,0.4999999999999771,29,34927.3404348688,128.6090958472332,1.7202185163887291,1.724915707475875,2.7635092180546725,2.069547813973092,1.9167500739094039,0.6009927941890701,0.12510663698550362,0.07272717727056044,1.8855809810624338
306.6914,0.4259423,1048.5135,27.119905,2013,Osun,Maize,yield,2.327565196197904,-0.7071067811865199,0.707106781186575,29,28435.5865112175,130.63284030622,1.8453251533742328,1.7202185163887291,1.724915707475875,1.7634864590796122,1.958023018421759,0.07091329081289176,0.4822400428236713,0.2613306613969255,1.859586226877937
306.36066,0.4242326,1159.8105,27.012936,2014,Osun,Maize,yield,1.3350225225225223,-0.5000000000000081,0.866025403784434,29,31329.886808628,129.968179329516,2.327565196197904,1.8453251533742328,1.7202185163887291,1.964369621986955,2.0763067582982826,0.32069640861611026,-0.9925426736753817,-0.4264295905853499,1.8855809810624338
306.16895,0.4036002,1114.3763,27.112036,2015,Osun,Maize,yield,1.1237458193979932,-0.25881904510257636,0.9659258262890534,29,30213.010363146797,123.56984945379,1.3350225225225223,2.327565196197904,1.8453251533742328,1.8359709573648864,1.7906094191918527,0.4963374512404891,-0.21127670312452906,-0.1582570327917181,1.8616973873173182
306.33463,0.4153306,1207.252,27.302628,2016,Osun,Maize,yield,2.0444702242846096,7.847643204728474e-15,1.0,29,32961.152258256,127.230145678678,1.1237458193979932,1.3350225225225223,2.327565196197904,1.59544451270614,1.6703754415762764,0.6427752194337683,0.9207244048866163,0.8193351103008879,1.8770438959547118
306.3891,0.41154227,1127.9817,27.362865,2017,Osun,Maize,yield,1.9705848949460527,0.2588190451024817,0.9659258262890787,29,30864.810979570502,126.09206571725699,2.0444702242846096,1.1237458193979932,1.3350225225225223,1.501079522068375,1.7352257831554525,0.48230130910260083,-0.07388532933855685,-0.03613910755995986,1.859586226877937
306.11203,0.42416587,1310.2294,27.159376,2018,Osun,Maize,yield,2.036283544890744,0.5000000000000216,0.8660254037844262,29,35585.0129208544,129.8422755224161,1.9705848949460527,2.0444702242846096,1.1237458193979932,1.712933646209552,1.7602777314698161,0.5115872182923087,0.06569864994469143,0.03333966991891013,1.8489732729794135
306.68036,0.43271995,1364.0745,27.172945,2019,Osun,Maize,yield,2.033838295896454,0.707106781186531,0.707106781186564,29,37065.92136440249,132.706710045182,2.036283544890744,1.9705848949460527,2.0444702242846096,2.017112888040469,1.7020214012083845,0.04050180287246152,-0.0024452489942903277,-0.0012008391466039603,1.8855809810624338
306.6339,0.42668813,1212.3434,27.295088,2020,Osun,Maize,yield,2.031504301325273,0.8660254037844028,0.500000000000062,29,33091.0197892192,130.83704538560698,2.033838295896454,2.036283544890744,1.9705848949460527,2.0135689119110833,1.8417845558831707,0.03724532314933371,-0.0023339945711806642,-0.001147581189659852,1.8489732729794135
307.29343,0.41908243,1246.6871,27.533175,2021,Osun,Maize,yield,2.171413951901757,0.9659258262890668,0.2588190451025267,29,34325.254094542506,128.7812773674349,2.031504301325273,2.033838295896454,2.036283544890744,2.0338753807041567,2.023336252268627,0.0023898375941607025,0.13990965057648364,0.06886997506488779,1.8489732729794135
306.03842,0.40504837,1209.5397,26.918283,2022,Osun,Maize,yield,2.343563373038653,1.0,5.438607851423766e-14,29,32558.7319443351,123.96036317837539,2.171413951901757,2.031504301325273,2.033838295896454,2.078918849707828,2.048724997792056,0.08011160858491916,0.17214942113689613,0.07927987244722501,1.8770438959547118
306.0498,0.43218267,1280.7062,27.581543,2023,Osun,Maize,yield,2.391004680194789,0.9659258262890654,-0.2588190451025314,29,35323.8531256666,132.269419716966,2.343563373038653,2.171413951901757,2.031504301325273,2.182160542088561,2.123320693410576,0.15630685512841763,0.04744130715613615,0.020243236304988033,1.8616973873173182
305.99786,0.43620792,1229.9347,27.047836,2003,Oyo,Maize,yield,1.5948621889215948,0.258819045102566,-0.9659258262890562,30,33267.0720563092,133.47869003505122,1.6985246020786395,1.7127152803224623,1.690584819576939,1.7006082339926802,1.7006082339926802,0.011211398872004931,-0.10366241315704472,-0.061030857622070056,1.6395846511125227
305.37308,0.4265949,1194.7395,27.10436,2004,Oyo,Maize,yield,1.6853861285614569,-1.8628248921044712e-14,-1.0,30,32382.649514219996,130.270598525292,1.5948621889215948,1.6985246020786395,1.7127152803224623,1.6687006904408987,1.6741717227249089,0.06433845714047795,0.09052393963986205,0.05675972524063155,1.6347107669526793
305.5993,0.42260066,1155.0626,27.43251,2005,Oyo,Maize,yield,1.511291876271005,-0.25881904510249215,-0.965925826289076,30,31686.266325126,129.146465875538,1.6853861285614569,1.5948621889215948,1.6985246020786395,1.6595909731872303,1.6764146038922185,0.05644038010122547,-0.17409425229045183,-0.10329636000923303,1.6347107669526793
305.8544,0.42724425,1304.5823,27.389,2006,Oyo,Maize,yield,1.4789718317746543,-0.4999999999999325,-0.8660254037844776,30,35731.2046147,130.6745337372,1.511291876271005,1.6853861285614569,1.5948621889215948,1.5971800645846856,1.640556015231032,0.08707026806456376,-0.03232004449635073,-0.0213857064964168,1.7176572099085197
305.77606,0.42522404,1255.792,27.021614,2007,Oyo,Maize,yield,1.3778353126582992,-0.7071067811865387,-0.7071067811865563,30,33933.526688287995,130.0233315684824,1.4789718317746543,1.511291876271005,1.6853861285614569,1.5585499455357053,1.59380732552147,0.11102571464515736,-0.10113651911635513,-0.06838299211892285,1.666510844429484
305.84323,0.4233107,1277.7548,26.675346,2008,Oyo,Maize,yield,1.324258923169994,-0.8660254037844651,-0.49999999999995415,30,34084.5513931608,129.466711781561,1.3778353126582992,1.4789718317746543,1.511291876271005,1.4560330069013194,1.529669467637402,0.06962259588492162,-0.05357638948830523,-0.03888446536105883,1.7176572099085197
306.06,0.42762327,1271.8428,27.365923,2009,Oyo,Maize,yield,1.2275614920996905,-0.9659258262890695,-0.25881904510251624,30,34805.1521329044,130.8783780162,1.324258923169994,1.3778353126582992,1.4789718317746543,1.3936886892009825,1.4755488144870819,0.07856537521759496,-0.09669743107030349,-0.07302003360402542,1.6347107669526793
306.0535,0.4254658,1287.4465,27.45352,2010,Oyo,Maize,yield,0.7873724938445305,-1.0,-4.3605472797921425e-14,30,35344.93823668,130.2152972203,1.2275614920996905,1.324258923169994,1.3778353126582992,1.3098852426426613,1.3839838871947285,0.07616106160792759,-0.44018899825516,-0.35858814494273183,1.6395846511125227
306.34503,0.42302173,1220.7533,27.04393,2011,Oyo,Maize,yield,0.790695221014875,-0.9659258262890921,0.25881904510243203,30,33013.966792469,129.5906045675019,0.7873724938445305,1.2275614920996905,1.324258923169994,1.1130643030380718,1.2392000107094336,0.2861712148796949,0.0033227271703445416,0.004220019363542438,1.7176572099085197
305.59457,0.42084876,1304.7032,26.770334,2012,Oyo,Maize,yield,0.792190576652602,-0.8660254037844518,0.4999999999999771,30,34927.3404348688,128.6090958472332,0.790695221014875,0.7873724938445305,1.2275614920996905,0.9352097356530319,1.1015446885574778,0.2531894987001767,0.0014953556377269583,0.0018911909392946846,1.666510844429484
306.6914,0.4259423,1048.5135,27.119905,2013,Oyo,Maize,yield,0.8280299567525755,-0.7071067811865199,0.707106781186575,30,28435.5865112175,130.63284030622,0.792190576652602,0.790695221014875,0.7873724938445305,0.790086097170669,0.9844157413563384,0.002466121322931902,0.03583938009997356,0.04524085637500597,1.7176572099085197
306.36066,0.4242326,1159.8105,27.012936,2014,Oyo,Maize,yield,2.2833723653395785,-0.5000000000000081,0.866025403784434,30,31329.886808628,129.968179329516,0.8280299567525755,0.792190576652602,0.790695221014875,0.8036385848066842,0.8851699480728547,0.021136775798896282,1.455342408587003,1.7575963245275141,1.6347107669526793
306.16895,0.4036002,1114.3763,27.112036,2015,Oyo,Maize,yield,1.4358959537572251,-0.25881904510257636,0.9659258262890534,30,30213.010363146797,123.56984945379,2.2833723653395785,0.8280299567525755,0.792190576652602,1.3011976329149186,1.0963321227208322,0.8507770090050487,-0.8474764115823534,-0.3711512079442717,1.6347107669526793
306.33463,0.4153306,1207.252,27.302628,2016,Oyo,Maize,yield,2.038754499037416,7.847643204728474e-15,1.0,30,32961.152258256,127.230145678678,1.4358959537572251,2.2833723653395785,0.8280299567525755,1.5157660919497928,1.2260368147033713,0.7309513053474422,0.6028585452801907,0.41984834883246647,1.666510844429484
306.3891,0.41154227,1127.9817,27.362865,2017,Oyo,Maize,yield,1.9985144470028968,0.2588190451024817,0.9659258262890787,30,30864.810979570502,126.09206571725699,2.038754499037416,1.4358959537572251,2.2833723653395785,1.9193409393780732,1.4756486703078795,0.43617515486328673,-0.04024005203451897,-0.019737566270739304,1.7176572099085197
306.11203,0.42416587,1310.2294,27.159376,2018,Oyo,Maize,yield,2.07017200938233,0.5000000000000216,0.8660254037844262,30,35585.0129208544,129.8422755224161,1.9985144470028968,2.038754499037416,1.4358959537572251,1.8243882999325125,1.7169134443779384,0.3370453125686808,0.0716575623794331,0.03585541374839463,1.6395846511125227
306.68036,0.43271995,1364.0745,27.172945,2019,Oyo,Maize,yield,1.9707073263317727,0.707106781186531,0.707106781186564,30,37065.92136440249,132.706710045182,2.07017200938233,1.9985144470028968,2.038754499037416,2.035813651807547,1.9653418549038892,0.035919187050415746,-0.09946468305055722,-0.048046579028104164,1.6395846511125227
306.6339,0.42668813,1212.3434,27.295088,2020,Oyo,Maize,yield,1.874984649392116,0.8660254037844028,0.500000000000062,30,33091.0197892192,130.83704538560698,1.9707073263317727,2.07017200938233,1.9985144470028968,2.0131312609056664,1.9028088471023281,0.05131806923577884,-0.09572267693965664,-0.04857275134701633,1.666510844429484
307.29343,0.41908243,1246.6871,27.533175,2021,Oyo,Maize,yield,1.848413906121971,0.9659258262890668,0.2588190451025267,30,34325.254094542506,128.7812773674349,1.874984649392116,1.9707073263317727,2.07017200938233,1.971954661702073,1.9906265862293062,0.09759965808921618,-0.02657074327014497,-0.014171179096724607,1.6410381310404845
306.03842,0.40504837,1209.5397,26.918283,2022,Oyo,Maize,yield,2.02724288993068,1.0,5.438607851423766e-14,30,32558.7319443351,123.96036317837539,1.848413906121971,1.874984649392116,1.9707073263317727,1.89803529394862,1.9525584676462173,0.06432277448544561,0.17882898380870893,0.09674726164763481,1.6395846511125227
306.0498,0.43218267,1280.7062,27.581543,2023,Oyo,Maize,yield,2.068280847490562,0.9659258262890654,-0.2588190451025314,30,35323.8531256666,132.269419716966,2.02724288993068,1.848413906121971,1.874984649392116,1.9168804818149223,1.9583041562317738,0.09649557991594129,0.04103795755988182,0.020243236646046325,1.6347107669526793
305.99786,0.43620792,1229.9347,27.047836,2003,Plateau,Maize,yield,2.0473950165534065,0.258819045102566,-0.9659258262890562,31,33267.0720563092,133.47869003505122,2.122911230777772,1.904787549141041,2.1064952949277025,2.044731358282172,2.044731358282172,0.12147251962956614,-0.07551621422436572,-0.03557200750061451,2.1646921600072746
305.37308,0.4265949,1194.7395,27.10436,2004,Plateau,Maize,yield,2.189218921892189,-1.8628248921044712e-14,-1.0,31,32382.649514219996,130.270598525292,2.0473950165534065,2.122911230777772,1.904787549141041,2.02503126549074,2.0453972728499803,0.11076817297349086,0.14182390533878264,0.06927041640334242,2.1568419563996004
305.5993,0.42260066,1155.0626,27.43251,2005,Plateau,Maize,yield,2.3030869971936387,-0.25881904510249215,-0.965925826289076,31,31686.266325126,129.146465875538,2.189218921892189,2.0473950165534065,2.122911230777772,2.119841723074456,2.074161602658422,0.07096176040334351,0.1138680753014496,0.05201310575327511,2.1568419563996004
305.8544,0.42724425,1304.5823,27.389,2006,Plateau,Maize,yield,2.515189957935501,-0.4999999999999325,-0.8660254037844776,31,35731.2046147,130.6745337372,2.3030869971936387,2.189218921892189,2.0473950165534065,2.1799003118797446,2.113479943111609,0.12810044734642526,0.2121029607418623,0.09209507109384685,2.211830779071936
305.77606,0.42522404,1255.792,27.021614,2007,Plateau,Maize,yield,2.5138235536849054,-0.7071067811865387,-0.7071067811865563,31,33933.526688287995,130.0233315684824,2.515189957935501,2.3030869971936387,2.189218921892189,2.3358319590071095,2.2355604248705014,0.1654341363743041,-0.001366404250595643,-0.0005432608564154284,2.18693984168955
305.84323,0.4233107,1277.7548,26.675346,2008,Plateau,Maize,yield,2.5448418003565063,-0.8660254037844651,-0.49999999999995415,31,34084.5513931608,129.466711781561,2.5138235536849054,2.515189957935501,2.3030869971936387,2.444033502938015,2.313742889451928,0.12206516651488354,0.031018246671600913,0.012339070745889247,2.20313588882144
306.06,0.42762327,1271.8428,27.365923,2009,Plateau,Maize,yield,2.5959208710320505,-0.9659258262890695,-0.25881904510251624,31,34805.1521329044,130.8783780162,2.5448418003565063,2.5138235536849054,2.515189957935501,2.5246184373256377,2.4132322462125484,0.01752726659673153,0.05107907067554418,0.02007160942907671,2.1646921600072746
306.0535,0.4254658,1287.4465,27.45352,2010,Plateau,Maize,yield,2.4411776099167155,-1.0,-4.3605472797921425e-14,31,35344.93823668,130.2152972203,2.5959208710320505,2.5448418003565063,2.5138235536849054,2.551528741691154,2.4945726360405205,0.041455141625731,-0.15474326111533498,-0.0596101610192048,2.18693984168955
306.34503,0.42302173,1220.7533,27.04393,2011,Plateau,Maize,yield,2.484243243243243,-0.9659258262890921,0.25881904510243203,31,33013.966792469,129.5906045675019,2.4411776099167155,2.5959208710320505,2.5448418003565063,2.5273134271017574,2.5221907585851358,0.07884670010134029,0.043065633326527575,0.017641335538874037,2.1646921600072746
305.59457,0.42084876,1304.7032,26.770334,2012,Plateau,Maize,yield,2.4629111026325825,-0.8660254037844518,0.4999999999999771,31,34927.3404348688,128.6090958472332,2.484243243243243,2.4411776099167155,2.5959208710320505,2.507113908064003,2.516001415646684,0.07986657434221141,-0.021332140610660577,-0.008586977409994256,2.1568419563996004
306.6914,0.4259423,1048.5135,27.119905,2013,Plateau,Maize,yield,2.549840116852868,-0.7071067811865199,0.707106781186575,31,28435.5865112175,130.63284030622,2.4629111026325825,2.484243243243243,2.4411776099167155,2.4627773185975137,2.5058189254362198,0.02153312836259158,0.08692901422028543,0.03529523015563485,2.1568419563996004
306.36066,0.4242326,1159.8105,27.012936,2014,Plateau,Maize,yield,2.4787480680061824,-0.5000000000000081,0.866025403784434,31,31329.886808628,129.968179329516,2.549840116852868,2.4629111026325825,2.484243243243243,2.498998154242898,2.506818588735492,0.045303906313733926,-0.07109204884668552,-0.027880982959210265,2.1568419563996004
306.16895,0.4036002,1114.3763,27.112036,2015,Plateau,Maize,yield,2.066256725595696,-0.25881904510257636,0.9659258262890534,31,30213.010363146797,123.56984945379,2.4787480680061824,2.549840116852868,2.4629111026325825,2.4971664291638778,2.483384028130318,0.046298924384150134,-0.41249134241048635,-0.1664111604299826,2.211830779071936
306.33463,0.4153306,1207.252,27.302628,2016,Plateau,Maize,yield,2.474896685131452,7.847643204728474e-15,1.0,31,32961.152258256,127.230145678678,2.066256725595696,2.4787480680061824,2.549840116852868,2.3649483034849155,2.4083998512661147,0.2611053693028328,0.4086399595357557,0.19776824170672502,2.1646921600072746
306.3891,0.41154227,1127.9817,27.362865,2017,Plateau,Maize,yield,2.484012078042737,0.2588190451024817,0.9659258262890787,31,30864.810979570502,126.09206571725699,2.474896685131452,2.066256725595696,2.4787480680061824,2.3399671595777765,2.4065305396437564,0.23704801104524434,0.00911539291128527,0.0036831407816124706,2.1646921600072746
306.11203,0.42416587,1310.2294,27.159376,2018,Plateau,Maize,yield,2.520767382432587,0.5000000000000216,0.8660254037844262,31,35585.0129208544,129.8422755224161,2.484012078042737,2.474896685131452,2.066256725595696,2.341721829589962,2.410750734725787,0.23860331145210573,0.036755304389850085,0.014796749466214898,2.1646921600072746
306.68036,0.43271995,1364.0745,27.172945,2019,Plateau,Maize,yield,2.4996179706601467,0.707106781186531,0.707106781186564,31,37065.92136440249,132.706710045182,2.520767382432587,2.484012078042737,2.474896685131452,2.493225381868925,2.404936187841731,0.024283614707629617,-0.021149411772440452,-0.008390068801997441,2.1568419563996004
306.6339,0.42668813,1212.3434,27.295088,2020,Plateau,Maize,yield,2.4788182618346024,0.8660254037844028,0.500000000000062,31,33091.0197892192,130.83704538560698,2.4996179706601467,2.520767382432587,2.484012078042737,2.5014658103784906,2.4091101683725236,0.01844719447277608,-0.020799708825544272,-0.008321155100373678,2.18693984168955
307.29343,0.41908243,1246.6871,27.533175,2021,Plateau,Maize,yield,2.476909145789315,0.9659258262890668,0.2588190451025267,31,34325.254094542506,128.7812773674349,2.4788182618346024,2.4996179706601467,2.520767382432587,2.499734538309112,2.491622475620305,0.020974803235046583,-0.00190911604528754,-0.0007701718494983467,2.1568419563996004
306.03842,0.40504837,1209.5397,26.918283,2022,Plateau,Maize,yield,2.243344125563268,1.0,5.438607851423766e-14,31,32558.7319443351,123.96036317837539,2.476909145789315,2.4788182618346024,2.4996179706601467,2.485115126094688,2.4920249677518775,0.012596053206708323,-0.23356502022604708,-0.0942969670983298,2.18693984168955
306.0498,0.43218267,1280.7062,27.581543,2023,Plateau,Maize,yield,2.2887567004390665,0.9659258262890654,-0.2588190451025314,31,35323.8531256666,132.269419716966,2.243344125563268,2.476909145789315,2.4788182618346024,2.399690511062395,2.4438913772559836,0.13540330636657302,0.04541257487579875,0.020243249512330808,2.20313588882144
305.99786,0.43620792,1229.9347,27.047836,2003,Rivers,Maize,yield,1.728646629308881,0.258819045102566,-0.9659258262890562,32,33267.0720563092,133.47869003505122,1.8005540166204983,1.7660550458715596,1.851197982345524,1.8059356816125274,1.8059356816125274,0.04282582919707695,-0.07190738731161739,-0.03993625664537526,1.7712092669320685
305.37308,0.4265949,1194.7395,27.10436,2004,Rivers,Maize,yield,1.7291810048176188,-1.8628248921044712e-14,-1.0,32,32382.649514219996,130.270598525292,1.728646629308881,1.8005540166204983,1.7660550458715596,1.765085230600313,1.7866134185366156,0.03596350224520704,0.0005343755087379165,0.00030912940775618125,1.7446634228734625
305.5993,0.42260066,1155.0626,27.43251,2005,Rivers,Maize,yield,1.600309837335399,-0.25881904510249215,-0.965925826289076,32,31686.266325126,129.146465875538,1.7291810048176188,1.728646629308881,1.8005540166204983,1.7527938835823325,1.7751269357928163,0.041362351482520515,-0.12887116748221983,-0.07452728611011561,1.7313429315761357
305.8544,0.42724425,1304.5823,27.389,2006,Rivers,Maize,yield,1.4306170268159333,-0.4999999999999325,-0.8660254037844776,32,35731.2046147,130.6745337372,1.600309837335399,1.7291810048176188,1.728646629308881,1.686045823820633,1.7249493067907913,0.07425002305214004,-0.16969281051946572,-0.10603747259469032,1.7712092669320685
305.77606,0.42522404,1255.792,27.021614,2007,Rivers,Maize,yield,1.4106364428945075,-0.7071067811865387,-0.7071067811865563,32,33933.526688287995,130.0233315684824,1.4306170268159333,1.600309837335399,1.7291810048176188,1.5867026229896506,1.657861702979666,0.1497463837684781,-0.019980583921425765,-0.013966409980381456,1.7712092669320685
305.84323,0.4233107,1277.7548,26.675346,2008,Rivers,Maize,yield,0.4076620825147348,-0.8660254037844651,-0.49999999999995415,32,34084.5513931608,129.466711781561,1.4106364428945075,1.4306170268159333,1.600309837335399,1.4805211023486133,1.5798781882344677,0.1042200158595336,-1.0029743603797727,-0.7110084000961676,1.7664894834329563
306.06,0.42762327,1271.8428,27.365923,2009,Rivers,Maize,yield,1.490909090909091,-0.9659258262890695,-0.25881904510251624,32,34805.1521329044,130.8783780162,0.4076620825147348,1.4106364428945075,1.4306170268159333,1.0829718507417252,1.3156812788756387,0.5849207367075943,1.0832470083943562,2.6572179627601313,1.7712092669320685
306.0535,0.4254658,1287.4465,27.45352,2010,Rivers,Maize,yield,1.5194887170585452,-1.0,-4.3605472797921425e-14,32,35344.93823668,130.2152972203,1.490909090909091,0.4076620825147348,1.4106364428945075,1.1030692054394444,1.2680268960939332,0.6035761960727376,0.028579626149454196,0.019169261441707164,1.7313429315761357
306.34503,0.42302173,1220.7533,27.04393,2011,Rivers,Maize,yield,1.506269592476489,-0.9659258262890921,0.25881904510243203,32,33013.966792469,129.5906045675019,1.5194887170585452,1.490909090909091,0.4076620825147348,1.139353296827457,1.2518626720385622,0.6338242844704918,-0.013219124582056097,-0.008699718815711854,1.7712092669320685
305.59457,0.42084876,1304.7032,26.770334,2012,Rivers,Maize,yield,1.559263305759326,-0.8660254037844518,0.4999999999999771,32,34927.3404348688,128.6090958472332,1.506269592476489,1.5194887170585452,1.490909090909091,1.5055558001480416,1.2669931851706735,0.014303177350755382,0.05299371328283686,0.03518209060816857,1.7712092669320685
306.6914,0.4259423,1048.5135,27.119905,2013,Rivers,Maize,yield,1.921884686918785,-0.7071067811865199,0.707106781186575,32,28435.5865112175,130.63284030622,1.559263305759326,1.506269592476489,1.5194887170585452,1.5283405384314532,1.2967185577436373,0.027583499924586682,0.36262138115945897,0.2325594271474698,1.7446634228734625
306.36066,0.4242326,1159.8105,27.012936,2014,Rivers,Maize,yield,0.9950166112956812,-0.5000000000000081,0.866025403784434,32,31329.886808628,129.968179329516,1.921884686918785,1.559263305759326,1.506269592476489,1.6624725283848667,1.599563078624447,0.22621468654421228,-0.9268680756231037,-0.48227038902582786,1.7446634228734625
306.16895,0.4036002,1114.3763,27.112036,2015,Rivers,Maize,yield,1.0305194805194806,-0.25881904510257636,0.9659258262890534,32,30213.010363146797,123.56984945379,0.9950166112956812,1.921884686918785,1.559263305759326,1.4920548679912642,1.5003845827017652,0.467074767015664,0.035502869223799416,0.03568067992108048,1.7446634228734625
306.33463,0.4153306,1207.252,27.302628,2016,Rivers,Maize,yield,2.0294955248169244,7.847643204728474e-15,1.0,32,32961.152258256,127.230145678678,1.0305194805194806,0.9950166112956812,1.921884686918785,1.315806926244649,1.4025907353939524,0.5251788289893381,0.9989760442974438,0.9693907424184394,1.6870819659612997
306.3891,0.41154227,1127.9817,27.362865,2017,Rivers,Maize,yield,2.1153771946748985,0.2588190451024817,0.9659258262890787,32,30864.810979570502,126.09206571725699,2.0294955248169244,1.0305194805194806,0.9950166112956812,1.3516772055440285,1.5072359218620393,0.5872762287775921,0.08588166985797407,0.04231675744430197,1.7664894834329563
306.11203,0.42416587,1310.2294,27.159376,2018,Rivers,Maize,yield,2.1796176109454484,0.5000000000000216,0.8660254037844262,32,35585.0129208544,129.8422755224161,2.1153771946748985,2.0294955248169244,1.0305194805194806,1.7251307333371013,1.618458699645154,0.6030816774783055,0.06424041627054988,0.030368303313595302,1.6870819659612997
306.68036,0.43271995,1364.0745,27.172945,2019,Rivers,Maize,yield,2.199932455251604,0.707106781186531,0.707106781186564,32,37065.92136440249,132.706710045182,2.1796176109454484,2.1153771946748985,2.0294955248169244,2.1081634434790906,1.6700052844504867,0.07532057382037925,0.0203148443061556,0.009320370786205734,1.7446634228734625
306.6339,0.42668813,1212.3434,27.295088,2020,Rivers,Maize,yield,2.153833658219623,0.8660254037844028,0.500000000000062,32,33091.0197892192,130.83704538560698,2.199932455251604,2.1796176109454484,2.1153771946748985,2.1649757536239833,1.910988453241671,0.04413826018507251,-0.046098797031981054,-0.020954642003637725,1.7313429315761357
307.29343,0.41908243,1246.6871,27.533175,2021,Rivers,Maize,yield,2.1158698022114937,0.9659258262890668,0.2588190451025267,32,34325.254094542506,128.7812773674349,2.153833658219623,2.199932455251604,2.1796176109454484,2.1777945748055583,2.1356512887816996,0.02310340597237488,-0.03796385600812924,-0.017626178262768244,1.7712092669320685
306.03842,0.40504837,1209.5397,26.918283,2022,Rivers,Maize,yield,2.258114486105626,1.0,5.438607851423766e-14,32,32558.7319443351,123.96036317837539,2.1158698022114937,2.153833658219623,2.199932455251604,2.156545305227574,2.1529261442606136,0.04209687852035128,0.14224468389413225,0.06722752210247473,1.7446634228734625
306.0498,0.43218267,1280.7062,27.581543,2023,Rivers,Maize,yield,2.303826114066601,0.9659258262890654,-0.2588190451025314,32,35323.8531256666,132.269419716966,2.258114486105626,2.1158698022114937,2.153833658219623,2.1759393155122475,2.1814736025467587,0.07365380225955452,0.045711627960975054,0.02024327297940065,1.6870819659612997
305.99786,0.43620792,1229.9347,27.047836,2003,Sokoto,Maize,yield,1.028617710583153,0.258819045102566,-0.9659258262890562,33,33267.0720563092,133.47869003505122,1.0267857142857142,1.0267857142857142,1.019227345558127,1.0242662580431852,1.0242662580431852,0.004363826219506852,0.0018319962974389092,0.0017842050896796913,1.522804035170665
305.37308,0.4265949,1194.7395,27.10436,2004,Sokoto,Maize,yield,1.013849914003802,-1.8628248921044712e-14,-1.0,33,32382.649514219996,130.270598525292,1.028617710583153,1.0267857142857142,1.0267857142857142,1.027396379718194,1.0253541211781771,0.001057703555480784,-0.014767796579351122,-0.014356933997353383,1.502760054281426
305.5993,0.42260066,1155.0626,27.43251,2005,Sokoto,Maize,yield,1.0239612312662658,-0.25881904510249215,-0.965925826289076,33,31686.266325126,129.146465875538,1.013849914003802,1.028617710583153,1.0267857142857142,1.0230844462908897,1.023053279743302,0.00804962685653236,0.010111317262463837,0.00997318944628911,1.6862477672276044
305.8544,0.42724425,1304.5823,27.389,2006,Sokoto,Maize,yield,1.0306113498815894,-0.4999999999999325,-0.8660254037844776,33,35731.2046147,130.6745337372,1.0239612312662658,1.013849914003802,1.028617710583153,1.0221429519510734,1.02400005688493,0.007549937662213827,0.006650118615323608,0.00649450234273008,1.685068975563911
305.77606,0.42522404,1255.792,27.021614,2007,Sokoto,Maize,yield,1.0242964516692885,-0.7071067811865387,-0.7071067811865563,33,33933.526688287995,130.0233315684824,1.0306113498815894,1.0239612312662658,1.013849914003802,1.0228074983838857,1.024765184004105,0.008440068592387634,-0.006314898212300912,-0.0061273322994419566,1.522804035170665
305.84323,0.4233107,1277.7548,26.675346,2008,Sokoto,Maize,yield,1.0526680526680527,-0.8660254037844651,-0.49999999999995415,33,34084.5513931608,129.466711781561,1.0242964516692885,1.0306113498815894,1.0239612312662658,1.0262896776057147,1.0242673314808197,0.0037464291831954687,0.028371600998764235,0.027698622749817492,1.6065861203667526
306.06,0.42762327,1271.8428,27.365923,2009,Sokoto,Maize,yield,1.186556927297668,-0.9659258262890695,-0.25881904510251624,33,34805.1521329044,130.8783780162,1.0526680526680527,1.0242964516692885,1.0306113498815894,1.035858618072977,1.0290773998977998,0.014895882095818526,0.13388887462961518,0.12719002375940391,1.502760054281426
306.0535,0.4254658,1287.4465,27.45352,2010,Sokoto,Maize,yield,0.8693361433087461,-1.0,-4.3605472797921425e-14,33,35344.93823668,130.2152972203,1.186556927297668,1.0526680526680527,1.0242964516692885,1.0878404772116697,1.063618802556573,0.08665991041995301,-0.31722078398892184,-0.26734560870280233,1.6862477672276044
306.34503,0.42302173,1220.7533,27.04393,2011,Sokoto,Maize,yield,0.142016806722689,-0.9659258262890921,0.25881904510243203,33,33013.966792469,129.5906045675019,0.8693361433087461,1.186556927297668,1.0526680526680527,1.036187041091489,1.032693784965069,0.15925129279091169,-0.7273193365860571,-0.8366376368729311,1.6862477672276044
305.59457,0.42084876,1304.7032,26.770334,2012,Sokoto,Maize,yield,0.1622986577181208,-0.8660254037844518,0.4999999999999771,33,34927.3404348688,128.6090958472332,0.142016806722689,0.8693361433087461,1.186556927297668,0.7326366257763676,0.8549748763332887,0.5355194529080028,0.02028185099543181,0.14281303363647257,1.685068975563911
306.6914,0.4259423,1048.5135,27.119905,2013,Sokoto,Maize,yield,1.1440373563218391,-0.7071067811865199,0.707106781186575,33,28435.5865112175,130.63284030622,0.1622986577181208,0.142016806722689,0.8693361433087461,0.39121720258318526,0.6825753175430553,0.4141873120706976,0.9817386986037183,6.048963758583853,1.502760054281426
306.36066,0.4242326,1159.8105,27.012936,2014,Sokoto,Maize,yield,0.9779802581624903,-0.5000000000000081,0.866025403784434,33,31329.886808628,129.968179329516,1.1440373563218391,0.1622986577181208,0.142016806722689,0.4827842735875496,0.7008491782738127,0.572751750708063,-0.16605709815934877,-0.14515006633457672,1.502760054281426
306.16895,0.4036002,1114.3763,27.112036,2015,Sokoto,Maize,yield,1.001764705882353,-0.25881904510257636,0.9659258262890534,33,30213.010363146797,123.56984945379,0.9779802581624903,1.1440373563218391,0.1622986577181208,0.7614387574008168,0.659133844446777,0.5254715827217673,0.023784447719862545,0.024319967117281793,1.685068975563911
306.33463,0.4153306,1207.252,27.302628,2016,Sokoto,Maize,yield,1.5587146099629674,7.847643204728474e-15,1.0,33,32961.152258256,127.230145678678,1.001764705882353,0.9779802581624903,1.1440373563218391,1.0412607734555608,0.6856195569614985,0.08979807613521905,0.5569499040806145,0.5559687826993804,1.685068975563911
306.3891,0.41154227,1127.9817,27.362865,2017,Sokoto,Maize,yield,2.67944936086529,0.2588190451024817,0.9659258262890787,33,30864.810979570502,126.09206571725699,1.5587146099629674,1.001764705882353,0.9779802581624903,1.1794865246692703,0.9689591176095542,0.32863639557264135,1.1207347509023227,0.7190121551044868,1.502760054281426
306.11203,0.42416587,1310.2294,27.159376,2018,Sokoto,Maize,yield,2.7065527065527064,0.5000000000000216,0.8660254037844262,33,35585.0129208544,129.8422755224161,2.67944936086529,1.5587146099629674,1.001764705882353,1.74664289223687,1.472389258238988,0.8544847744987145,0.027103345687416347,0.01011526699600096,1.522804035170665
306.68036,0.43271995,1364.0745,27.172945,2019,Sokoto,Maize,yield,2.7012961508248234,0.707106781186531,0.707106781186564,33,37065.92136440249,132.706710045182,2.7065527065527064,2.67944936086529,1.5587146099629674,2.314905559126988,1.7848923282851614,0.6550207718347941,-0.005256555727882972,-0.0019421590110388909,1.502760054281426
306.6339,0.42668813,1212.3434,27.295088,2020,Sokoto,Maize,yield,2.676678445229682,0.8660254037844028,0.500000000000062,33,33091.0197892192,130.83704538560698,2.7012961508248234,2.7065527065527064,2.67944936086529,2.6957660727476065,2.129555506817628,0.014373035849022362,-0.024617705595141537,-0.009113293848815762,1.502760054281426
307.29343,0.41908243,1246.6871,27.533175,2021,Sokoto,Maize,yield,2.544258139988302,0.9659258262890668,0.2588190451025267,33,34325.254094542506,128.7812773674349,2.676678445229682,2.7012961508248234,2.7065527065527064,2.6948424342024038,2.4645382546870938,0.015948533352012646,-0.13242030524137993,-0.04947187641361128,1.522804035170665
306.03842,0.40504837,1209.5397,26.918283,2022,Sokoto,Maize,yield,2.3069220024922377,1.0,5.438607851423766e-14,33,32558.7319443351,123.96036317837539,2.544258139988302,2.676678445229682,2.7012961508248234,2.640744245347603,2.6616469606921607,0.08446114048925782,-0.2373361374960643,-0.09328304143586452,1.502760054281426
306.0498,0.43218267,1280.7062,27.581543,2023,Sokoto,Maize,yield,2.353621740439885,0.9659258262890654,-0.2588190451025314,33,35323.8531256666,132.269419716966,2.3069220024922377,2.544258139988302,2.676678445229682,2.509286195903407,2.58714148901755,0.18734255894288812,0.04669973794764726,0.020243310305765094,1.522804035170665
305.99786,0.43620792,1229.9347,27.047836,2003,Taraba,Maize,yield,1.397684581767998,0.258819045102566,-0.9659258262890562,34,33267.0720563092,133.47869003505122,1.41051899370097,1.41051899370097,1.4339551535707555,1.4183310469908985,1.4183310469908985,0.013530873209591862,-0.012834411932971967,-0.009099070618890814,1.7516550228416967
305.37308,0.4265949,1194.7395,27.10436,2004,Taraba,Maize,yield,1.584807298454664,-1.8628248921044712e-14,-1.0,34,32382.649514219996,130.270598525292,1.397684581767998,1.41051899370097,1.41051899370097,1.406240856389979,1.4131694306851732,0.007409951184391942,0.18712271668666602,0.1338805043194835,1.7516550228416967
305.5993,0.42260066,1155.0626,27.43251,2005,Taraba,Maize,yield,1.7431654676258992,-0.25881904510249215,-0.965925826289076,34,31686.266325126,129.146465875538,1.584807298454664,1.397684581767998,1.41051899370097,1.4643369579745438,1.4474970042390713,0.10452754533597026,0.15835816917123524,0.09992266525125748,1.7516550228416967
305.8544,0.42724425,1304.5823,27.389,2006,Taraba,Maize,yield,1.7256944444444444,-0.4999999999999325,-0.8660254037844776,34,35731.2046147,130.6745337372,1.7431654676258992,1.584807298454664,1.397684581767998,1.5752191159495201,1.5093390670501001,0.17293990446425003,-0.01747102318145477,-0.0100225844912184,1.7730099020597154
305.77606,0.42522404,1255.792,27.021614,2007,Taraba,Maize,yield,1.6854803963808702,-0.7071067811865387,-0.7071067811865563,34,33933.526688287995,130.0233315684824,1.7256944444444444,1.7431654676258992,1.584807298454664,1.6845557368416693,1.572374157198795,0.08682524047324153,-0.040214048063574204,-0.023303110346698963,1.7799209127733875
305.84323,0.4233107,1277.7548,26.675346,2008,Taraba,Maize,yield,1.4393280632411067,-0.8660254037844651,-0.49999999999995415,34,34084.5513931608,129.466711781561,1.6854803963808702,1.7256944444444444,1.7431654676258992,1.7181134361504045,1.627366437734775,0.029580324984718458,-0.24615233313976348,-0.14604283364452741,1.7757045155144782
306.06,0.42762327,1271.8428,27.365923,2009,Taraba,Maize,yield,1.4146093523090328,-0.9659258262890695,-0.25881904510251624,34,34805.1521329044,130.8783780162,1.4393280632411067,1.6854803963808702,1.7256944444444444,1.6168343013554738,1.635695134029397,0.15503432149866217,-0.024718710932073895,-0.01717378515945267,1.7799209127733875
306.0535,0.4254658,1287.4465,27.45352,2010,Taraba,Maize,yield,1.3857270117786795,-1.0,-4.3605472797921425e-14,34,35344.93823668,130.2152972203,1.4146093523090328,1.4393280632411067,1.6854803963808702,1.51313927064367,1.6016555448002705,0.1497626501595439,-0.028882340530353323,-0.020417184774870423,1.7730099020597154
306.34503,0.42302173,1220.7533,27.04393,2011,Taraba,Maize,yield,1.418510708401977,-0.9659258262890921,0.25881904510243203,34,33013.966792469,129.5906045675019,1.3857270117786795,1.4146093523090328,1.4393280632411067,1.4132214757762729,1.5301678536308267,0.026827464107181617,0.0327836966232975,0.023658120498941004,1.7690331117086888
305.59457,0.42084876,1304.7032,26.770334,2012,Taraba,Maize,yield,1.3834984025559105,-0.8660254037844518,0.4999999999999771,34,34927.3404348688,128.6090958472332,1.418510708401977,1.3857270117786795,1.4146093523090328,1.406282357496563,1.4687311064223334,0.017908010024213116,-0.035012305846066516,-0.024682440279573004,1.7516550228416967
306.6914,0.4259423,1048.5135,27.119905,2013,Taraba,Maize,yield,1.5444378308950222,-0.7071067811865199,0.707106781186575,34,28435.5865112175,130.63284030622,1.3834984025559105,1.418510708401977,1.3857270117786795,1.395912040912189,1.4083347076573411,0.01960271675055551,0.16093942833911168,0.11632787435228553,1.7799209127733875
306.36066,0.4242326,1159.8105,27.012936,2014,Taraba,Maize,yield,1.6664320900774103,-0.5000000000000081,0.866025403784434,34,31329.886808628,129.968179329516,1.5444378308950222,1.3834984025559105,1.418510708401977,1.4488156472843032,1.4293566611881245,0.08464140174303673,0.12199425918238815,0.07898942692415845,1.7516550228416967
306.16895,0.4036002,1114.3763,27.112036,2015,Taraba,Maize,yield,1.5994768255839658,-0.25881904510257636,0.9659258262890534,34,30213.010363146797,123.56984945379,1.6664320900774103,1.5444378308950222,1.3834984025559105,1.531456107842781,1.4797212087418,0.1419128666953145,-0.06695526449344458,-0.04017881370151377,1.7757045155144782
306.33463,0.4153306,1207.252,27.302628,2016,Taraba,Maize,yield,2.0000425423296178,7.847643204728474e-15,1.0,34,32961.152258256,127.230145678678,1.5994768255839658,1.6664320900774103,1.5444378308950222,1.6034489155187994,1.5224711715028572,0.061094049973810696,0.400565716745652,0.25043546135743866,1.7516550228416967
306.3891,0.41154227,1127.9817,27.362865,2017,Taraba,Maize,yield,2.078398086345924,0.2588190451024817,0.9659258262890787,34,30864.810979570502,126.09206571725699,2.0000425423296178,1.5994768255839658,1.6664320900774103,1.7553171526636646,1.6387775382883851,0.21456616490306848,0.0783555440163064,0.039176938669034156,1.7690331117086888
306.11203,0.42416587,1310.2294,27.159376,2018,Taraba,Maize,yield,2.154643919014583,0.5000000000000216,0.8660254037844262,34,35585.0129208544,129.8422755224161,2.078398086345924,2.0000425423296178,1.5994768255839658,1.8926391514198357,1.777757475046388,0.25689104652876643,0.07624583266865903,0.036684903228865196,1.7516550228416967
306.68036,0.43271995,1364.0745,27.172945,2019,Taraba,Maize,yield,2.0964768098334883,0.707106781186531,0.707106781186564,34,37065.92136440249,132.706710045182,2.154643919014583,2.078398086345924,2.0000425423296178,2.0776948492300416,1.8997986926703003,0.077303087422506,-0.05816710918109491,-0.02699615870064387,1.7799209127733875
306.6339,0.42668813,1212.3434,27.295088,2020,Taraba,Maize,yield,2.0403377110694185,0.8660254037844028,0.500000000000062,34,33091.0197892192,130.83704538560698,2.0964768098334883,2.154643919014583,2.078398086345924,2.1098396050646655,1.9858076366215158,0.03984068237525729,-0.05613909876406975,-0.026777829595228675,1.7757045155144782
307.29343,0.41908243,1246.6871,27.533175,2021,Taraba,Maize,yield,2.043170320404722,0.9659258262890668,0.2588190451025267,34,34325.254094542506,128.7812773674349,2.0403377110694185,2.0964768098334883,2.154643919014583,2.09715281330583,2.0739798137186063,0.05715610229206368,0.002832609335303271,0.0013883041615785352,1.7730099020597154
306.03842,0.40504837,1209.5397,26.918283,2022,Taraba,Maize,yield,2.14438744627038,1.0,5.438607851423766e-14,34,32558.7319443351,123.96036317837539,2.043170320404722,2.0403377110694185,2.0964768098334883,2.059994947102543,2.082605369333627,0.031625948999996406,0.10121712586565801,0.04953925027924666,1.7516550228416967
306.0498,0.43218267,1280.7062,27.581543,2023,Taraba,Maize,yield,2.187796783686086,0.9659258262890654,-0.2588190451025314,34,35323.8531256666,132.269419716966,2.14438744627038,2.043170320404722,2.0403377110694185,2.0759651592481734,2.095803241318518,0.05927236236158147,0.04340933741570607,0.020243234258438436,1.7516550228416967
305.99786,0.43620792,1229.9347,27.047836,2003,Yobe,Maize,yield,1.7112810707456978,0.258819045102566,-0.9659258262890562,35,33267.0720563092,133.47869003505122,1.7,1.7,1.6176470588235294,1.6725490196078432,1.6725490196078432,0.04754649275679276,0.011281070745697841,0.006635923968057567,1.6097495397166601
305.37308,0.4265949,1194.7395,27.10436,2004,Yobe,Maize,yield,1.5777777777777775,-1.8628248921044712e-14,-1.0,35,32382.649514219996,130.270598525292,1.7112810707456978,1.7,1.7,1.7037603569152324,1.6822320323923068,0.006513129231775829,-0.1335032929679203,-0.07801365611421485,1.524452636875727
305.5993,0.42260066,1155.0626,27.43251,2005,Yobe,Maize,yield,1.5560165975103737,-0.25881904510249215,-0.965925826289076,35,31686.266325126,129.146465875538,1.5777777777777775,1.7112810707456978,1.7,1.663019616174492,1.661341181469401,0.07403677396558439,-0.021761180267403812,-0.013792297352579919,1.524452636875727
305.8544,0.42724425,1304.5823,27.389,2006,Yobe,Maize,yield,1.53921568627451,-0.4999999999999325,-0.8660254037844776,35,35731.2046147,130.6745337372,1.5560165975103737,1.5777777777777775,1.7112810707456978,1.6150251486779499,1.6490150892067699,0.08406717041444865,-0.01680091123586358,-0.010797385620915034,1.524452636875727
305.77606,0.42522404,1255.792,27.021614,2007,Yobe,Maize,yield,1.592741935483871,-0.7071067811865387,-0.7071067811865563,35,33933.526688287995,130.0233315684824,1.53921568627451,1.5560165975103737,1.5777777777777775,1.557670020520887,1.6168582264616718,0.019334142882875178,0.05352624920936089,0.034775015409903354,1.6097495397166601
305.84323,0.4233107,1277.7548,26.675346,2008,Yobe,Maize,yield,0.1432692307692307,-0.8660254037844651,-0.49999999999995415,35,34084.5513931608,129.466711781561,1.592741935483871,1.53921568627451,1.5560165975103737,1.562658073089585,1.595406613558446,0.027374198381097153,-1.4494727047146403,-0.9100486854917235,1.6832079990637412
306.06,0.42762327,1271.8428,27.365923,2009,Yobe,Maize,yield,1.468123861566485,-0.9659258262890695,-0.25881904510251624,35,34805.1521329044,130.8783780162,0.1432692307692307,1.592741935483871,1.53921568627451,1.0917422841758706,1.2818042455631526,0.8218376449259867,1.3248546307972542,9.24730749012849,1.5884121576831736
306.0535,0.4254658,1287.4465,27.45352,2010,Yobe,Maize,yield,1.947368421052632,-1.0,-4.3605472797921425e-14,35,35344.93823668,130.2152972203,1.468123861566485,0.1432692307692307,1.592741935483871,1.0680450092731955,1.259873462320894,0.8032995060794142,0.4792445594861472,0.3264333289800183,1.524452636875727
306.34503,0.42302173,1220.7533,27.04393,2011,Yobe,Maize,yield,0.1825955734406438,-0.9659258262890921,0.25881904510243203,35,33013.966792469,129.5906045675019,1.947368421052632,1.468123861566485,0.1432692307692307,1.1862538377961158,1.3381438270293458,0.9344953209195527,-1.7647728476119884,-0.9062347055304802,1.6832079990637412
305.59457,0.42084876,1304.7032,26.770334,2012,Yobe,Maize,yield,0.2529529529529529,-0.8660254037844518,0.4999999999999771,35,34927.3404348688,128.6090958472332,0.1825955734406438,1.947368421052632,1.468123861566485,1.199362618686587,1.0668198044625725,0.9125679455103014,0.07035737951230908,0.3853181004696158,1.6097495397166601
306.6914,0.4259423,1048.5135,27.119905,2013,Yobe,Maize,yield,0.2488552657774238,-0.7071067811865199,0.707106781186575,35,28435.5865112175,130.63284030622,0.2529529529529529,0.1825955734406438,1.947368421052632,0.7943056491487429,0.7988620079563888,0.9992011094749497,-0.00409768717552908,-0.016199404386044947,1.524452636875727
306.36066,0.4242326,1159.8105,27.012936,2014,Yobe,Maize,yield,2.043357933579336,-0.5000000000000081,0.866025403784434,35,31329.886808628,129.968179329516,0.2488552657774238,0.2529529529529529,0.1825955734406438,0.22813459739034017,0.8199792149580276,0.039491135546677075,1.794502667801912,7.211029520295204,1.6097495397166601
306.16895,0.4036002,1114.3763,27.112036,2015,Yobe,Maize,yield,1.6500978473581214,-0.25881904510257636,0.9659258262890534,35,30213.010363146797,123.56984945379,2.043357933579336,0.2488552657774238,0.2529529529529529,0.8483887174365708,0.9350260293605978,1.0348757260689267,-0.39326008622121456,-0.19245775777146568,1.524452636875727
306.33463,0.4153306,1207.252,27.302628,2016,Yobe,Maize,yield,1.6666666666666667,7.847643204728474e-15,1.0,35,32961.152258256,127.230145678678,1.6500978473581214,2.043357933579336,0.2488552657774238,1.3141036822382937,0.8755719146216956,0.9432544807383492,0.01656881930854537,0.010041113219481312,1.6097495397166601
306.3891,0.41154227,1127.9817,27.362865,2017,Yobe,Maize,yield,2.0260809883321893,0.2588190451024817,0.9659258262890787,35,30864.810979570502,126.09206571725699,1.6666666666666667,1.6500978473581214,2.043357933579336,1.786707482534708,1.1723861332669,0.22242014737738694,0.35941432166552256,0.2156485929993135,1.524452636875727
306.11203,0.42416587,1310.2294,27.159376,2018,Yobe,Maize,yield,2.033189625675768,0.5000000000000216,0.8660254037844262,35,35585.0129208544,129.8422755224161,2.0260809883321893,1.6666666666666667,1.6500978473581214,1.7809485007856594,1.5270117403427474,0.2124525447750218,0.007108637343578916,0.0035085652471527062,1.524452636875727
306.68036,0.43271995,1364.0745,27.172945,2019,Yobe,Maize,yield,2.029886472438791,0.707106781186531,0.707106781186564,35,37065.92136440249,132.706710045182,2.033189625675768,2.0260809883321893,1.6666666666666667,1.908645760224875,1.8838786123224165,0.20959018219053138,-0.0033031532369771632,-0.00162461641317857,1.524452636875727
306.6339,0.42668813,1212.3434,27.295088,2020,Yobe,Maize,yield,2.012987012987013,0.8660254037844028,0.500000000000062,35,33091.0197892192,130.83704538560698,2.029886472438791,2.033189625675768,2.0260809883321893,2.029719028815583,1.8811843200943072,0.003557275537036277,-0.016899459451777954,-0.008325322465681628,1.524452636875727
307.29343,0.41908243,1246.6871,27.533175,2021,Yobe,Maize,yield,2.00996015936255,0.9659258262890668,0.2588190451025267,35,34325.254094542506,128.7812773674349,2.012987012987013,2.029886472438791,2.033189625675768,2.025354370367191,1.953762153220086,0.010837036114826998,-0.0030268536244633104,-0.0015036627682817327,1.524452636875727
306.03842,0.40504837,1209.5397,26.918283,2022,Yobe,Maize,yield,1.6647998140670606,1.0,5.438607851423766e-14,35,32558.7319443351,123.96036317837539,2.00996015936255,2.012987012987013,2.029886472438791,2.017611214929451,2.022420851759262,0.010737873202221478,-0.3451603452954892,-0.17172496862074882,1.6832079990637412
306.0498,0.43218267,1280.7062,27.581543,2023,Yobe,Maize,yield,1.6985007564139178,0.9659258262890654,-0.2588190451025314,35,35323.8531256666,132.269419716966,1.6647998140670606,2.00996015936255,2.012987012987013,1.8959156621388746,1.9501646169062365,0.200157917363221,0.03370094234685728,0.020243240095352277,1.5807329278549256
305.99786,0.43620792,1229.9347,27.047836,2003,Zamfara,Maize,yield,1.1390243902439023,0.258819045102566,-0.9659258262890562,36,33267.0720563092,133.47869003505122,1.125,1.125,1.0570719602977667,1.1023573200992556,1.1023573200992556,0.03921827200760796,0.01402439024390234,0.012466124661246525,1.5705081432472854
305.37308,0.4265949,1194.7395,27.10436,2004,Zamfara,Maize,yield,1.1390243902439023,-1.8628248921044712e-14,-1.0,36,32382.649514219996,130.270598525292,1.1390243902439023,1.125,1.125,1.1296747967479674,1.1115240876354173,0.008096985482537377,0.0,0.0,1.491461442127447
305.5993,0.42260066,1155.0626,27.43251,2005,Zamfara,Maize,yield,1.1335136464224245,-0.25881904510249215,-0.965925826289076,36,31686.266325126,129.146465875538,1.1390243902439023,1.1390243902439023,1.125,1.134349593495935,1.1170241481571144,0.00809698548253741,-0.00551074382147787,-0.004838126267250331,1.5705081432472854
305.8544,0.42724425,1304.5823,27.389,2006,Zamfara,Maize,yield,1.137197358767425,-0.4999999999999325,-0.8660254037844776,36,35731.2046147,130.6745337372,1.1335136464224245,1.1390243902439023,1.1390243902439023,1.137187475636743,1.1323124853820459,0.0031816294287653154,0.0036837123450004228,0.0032498173768149563,1.5705081432472854
305.77606,0.42522404,1255.792,27.021614,2007,Zamfara,Maize,yield,1.1397954213346322,-0.7071067811865387,-0.7071067811865563,36,33933.526688287995,130.0233315684824,1.137197358767425,1.1335136464224245,1.1390243902439023,1.136578465144584,1.134751957135531,0.0028070173411976103,0.0025980625672072932,0.0022846188897442943,1.5705081432472854
305.84323,0.4233107,1277.7548,26.675346,2008,Zamfara,Maize,yield,1.1607490272373542,-0.8660254037844651,-0.49999999999995415,36,34084.5513931608,129.466711781561,1.1397954213346322,1.137197358767425,1.1335136464224245,1.1368354755081604,1.1377110414024574,0.0031564843785313653,0.020953605902721995,0.018383655093285656,1.4896933326153148
306.06,0.42762327,1271.8428,27.365923,2009,Zamfara,Maize,yield,1.1704736715556625,-0.9659258262890695,-0.25881904510251624,36,34805.1521329044,130.8783780162,1.1607490272373542,1.1397954213346322,1.137197358767425,1.1459139357798038,1.1420559688011476,0.01291307229869016,0.009724644318308329,0.0083779043446226,1.5056242622353453
306.0535,0.4254658,1287.4465,27.45352,2010,Zamfara,Maize,yield,1.0791479820627805,-1.0,-4.3605472797921425e-14,36,35344.93823668,130.2152972203,1.1704736715556625,1.1607490272373542,1.1397954213346322,1.1570060400425497,1.1483458250634997,0.01567788965426781,-0.091325689492882,-0.07802455682023346,1.527492640396461
306.34503,0.42302173,1220.7533,27.04393,2011,Zamfara,Maize,yield,1.1373303167420814,-0.9659258262890921,0.25881904510243203,36,33013.966792469,129.5906045675019,1.0791479820627805,1.1704736715556625,1.1607490272373542,1.1367902269519323,1.137472692191571,0.050155891714484764,0.058182334679300896,0.05391506600242724,1.527492640396461
305.59457,0.42084876,1304.7032,26.770334,2012,Zamfara,Maize,yield,1.1694444444444445,-0.8660254037844518,0.4999999999999771,36,34927.3404348688,128.6090958472332,1.1373303167420814,1.0791479820627805,1.1704736715556625,1.1289839901201748,1.1374992837865021,0.0462313883243542,0.032114127702363104,0.028236412262670596,1.5705081432472854
306.6914,0.4259423,1048.5135,27.119905,2013,Zamfara,Maize,yield,1.5518028297581012,-0.7071067811865199,0.707106781186575,36,28435.5865112175,130.63284030622,1.1694444444444445,1.1373303167420814,1.0791479820627805,1.1286409144164355,1.1434290884084646,0.045771083275836046,0.38235838531365673,0.32695728910431443,1.4896933326153148
306.36066,0.4242326,1159.8105,27.012936,2014,Zamfara,Maize,yield,1.6137123745819395,-0.5000000000000081,0.866025403784434,36,31329.886808628,129.968179329516,1.5518028297581012,1.1694444444444445,1.1373303167420814,1.2861925303148756,1.2216398489126141,0.230585022664658,0.06190954482383826,0.03989523903206749,1.491461442127447
306.16895,0.4036002,1114.3763,27.112036,2015,Zamfara,Maize,yield,1.777582968065122,-0.25881904510257636,0.9659258262890534,36,30213.010363146797,123.56984945379,1.6137123745819395,1.5518028297581012,1.1694444444444445,1.4449865495948284,1.3102875895178694,0.24062582304919514,0.16387059348318256,0.10154882373361995,1.4896933326153148
306.33463,0.4153306,1207.252,27.302628,2016,Zamfara,Maize,yield,1.733339133460936,7.847643204728474e-15,1.0,36,32961.152258256,127.230145678678,1.777582968065122,1.6137123745819395,1.5518028297581012,1.647699390801721,1.4499745867183378,0.11666407187787949,-0.044243834604186016,-0.02488988440992146,1.491461442127447
306.3891,0.41154227,1127.9817,27.362865,2017,Zamfara,Maize,yield,1.4018987341772151,0.2588190451024817,0.9659258262890787,36,30864.810979570502,126.09206571725699,1.733339133460936,1.777582968065122,1.6137123745819395,1.7082114920359992,1.5691763500621085,0.0847758316079392,-0.33144039928372093,-0.19121497512257635,1.5705081432472854
306.11203,0.42416587,1310.2294,27.159376,2018,Zamfara,Maize,yield,1.4134190014746155,0.5000000000000216,0.8660254037844262,36,35585.0129208544,129.8422755224161,1.4018987341772151,1.733339133460936,1.777582968065122,1.6376069452344246,1.615667208008663,0.20532449876954034,0.01152026729740041,0.008217617304691949,1.5056242622353453
306.68036,0.43271995,1364.0745,27.172945,2019,Zamfara,Maize,yield,1.4116593817473273,0.707106781186531,0.707106781186564,36,37065.92136440249,132.706710045182,1.4134190014746155,1.4018987341772151,1.733339133460936,1.5162189563709223,1.5879904423519657,0.18811979591300326,-0.0017596197272882197,-0.001244938496972492,1.527492640396461
306.6339,0.42668813,1212.3434,27.295088,2020,Zamfara,Maize,yield,1.3993680884676143,0.8660254037844028,0.500000000000062,36,33091.0197892192,130.83704538560698,1.4116593817473273,1.4134190014746155,1.4018987341772151,1.408992372466386,1.5475798437850432,0.006205952266113256,-0.012291293279713011,-0.008706982320692003,1.527492640396461
307.29343,0.41908243,1246.6871,27.533175,2021,Zamfara,Maize,yield,1.4339268445304056,0.9659258262890668,0.2588190451025267,36,34325.254094542506,128.7812773674349,1.3993680884676143,1.4116593817473273,1.4134190014746155,1.408148823896519,1.4719368678655418,0.007655067040882119,0.03455875606279135,0.02469597266623036,1.5705081432472854
306.03842,0.40504837,1209.5397,26.918283,2022,Zamfara,Maize,yield,1.5046818585275112,1.0,5.438607851423766e-14,36,32558.7319443351,123.96036317837539,1.4339268445304056,1.3993680884676143,1.4116593817473273,1.4149847715817827,1.4120544100794357,0.01751772155033645,0.0707550139971056,0.049343531203837054,1.527492640396461
306.0498,0.43218267,1280.7062,27.581543,2023,Zamfara,Maize,yield,1.5351414721812238,0.9659258262890654,-0.2588190451025314,36,35323.8531256666,132.269419716966,1.5046818585275112,1.4339268445304056,1.3993680884676143,1.4459922638418439,1.432611034949495,0.0536835943136053,0.030459613653712525,0.020243225158254052,1.4896933326153148
